,Glance-MD-50-5,Glance-MD-50-10,Glance-MD-50-15,Glance-MD-50-20,Glance-MD-50-25,Glance-MD-50-30,Glance-MD-50-35,Glance-MD-50-40,Glance-MD-50-45,Glance-MD-50-50,Glance-MD-50-55,Glance-MD-50-60,Glance-MD-50-65,Glance-MD-50-70,Glance-MD-50-75,Glance-MD-50-80,Glance-MD-50-85,Glance-MD-50-90,Glance-MD-50-95,Glance-MD-50-100
ambari-2.1.0,0.1193737769080234,0.2147304750044476,0.310798790250845,0.3981497954100694,0.4755381604696673,0.4609500088952143,0.5016900907311866,0.4847891834193204,0.4766055861946273,0.336772816224871,0.5143212951432129,0.4924390677815335,0.5708948585660915,0.6013164917274506,0.5840597758405978,0.5780110300658245,0.5780110300658245,0.5780110300658245,0.5780110300658245,0.5780110300658245
ambari-2.2.0,0.1257598784194528,0.2222644376899696,0.3225683890577507,0.4110942249240121,0.4783434650455927,0.5246960486322189,0.5022796352583586,0.5459726443768997,0.5281155015197568,0.3533434650455927,0.5178571428571429,0.6333586626139818,0.6151215805471124,0.5531914893617021,0.5569908814589666,0.5592705167173252,0.5592705167173252,0.5592705167173252,0.5592705167173252,0.5592705167173252
ambari-2.4.0,0.0893074119076549,0.1744835965978128,0.2650060753341434,0.3465978128797083,0.4191980558930741,0.4325637910085054,0.4318955042527339,0.4168286755771567,0.4864520048602673,0.4148845686512758,0.4201093560145808,0.4050425273390036,0.4210206561360874,0.5481773997569866,0.5650060753341434,0.5718104495747266,0.5727217496962332,0.5727217496962332,0.5727217496962332,0.5727217496962332
ambari-2.5.0,0.1182974018794914,0.2169707020453289,0.3150912106135987,0.4206744057490326,0.5041459369817579,0.5107794361525705,0.5102266445550028,0.4986180210060807,0.517689331122167,0.3817025981205085,0.4438916528468767,0.5218352681039248,0.4878385848535102,0.4687672747374239,0.4527363184079602,0.453012714206744,0.453012714206744,0.453012714206744,0.453012714206744,0.453012714206744
ambari-2.6.0,0.1242067089755213,0.2148685403445149,0.2937443336355394,0.3671804170444243,0.3980054397098821,0.4079782411604714,0.4079782411604714,0.4397098821396192,0.4397098821396192,0.3408884859474161,0.441523118766999,0.4805077062556663,0.42883046237534,0.557570262919311,0.5494106980961015,0.5494106980961015,0.5494106980961015,0.5494106980961015,0.5494106980961015,0.5494106980961015
ambari-2.7.0,0.1374939054119941,0.2345197464651389,0.3174061433447099,0.4007801072647489,0.4680643588493418,0.4695270599707459,0.3959044368600682,0.4578254509995124,0.409068746952706,0.4812286689419795,0.3042418332520721,0.3778644563627499,0.4875670404680643,0.5997074597757192,0.5948317893710385,0.5953193564115066,0.5943442223305705,0.5943442223305705,0.5943442223305705,0.5943442223305705
amq-5.1.0,0.1191230207064555,0.2099878197320341,0.2950060901339829,0.3887941534713763,0.4808769792935444,0.5293544457978075,0.5381242387332521,0.5373934226552984,0.5895249695493301,0.4521315468940317,0.4647990255785627,0.5734470158343483,0.5510353227771011,0.4933008526187576,0.4894031668696711,0.4852618757612667,0.4847746650426309,0.484531059683313,0.484531059683313,0.484531059683313
amq-5.2.0,0.1177865612648221,0.2152832674571805,0.2990777338603425,0.392094861660079,0.4735177865612648,0.510935441370224,0.5193675889328063,0.480368906455863,0.5341238471673254,0.4714097496706192,0.4616600790513834,0.5533596837944664,0.5317523056653491,0.4416337285902503,0.4387351778656126,0.4395256916996047,0.4395256916996047,0.4395256916996047,0.4395256916996047,0.4395256916996047
amq-5.4.0,0.115727002967359,0.2044780145670353,0.2854059886700836,0.3790126787159428,0.4629080118694362,0.4985163204747774,0.5044510385756676,0.5287294308065822,0.5702724575128136,0.4000539519827353,0.496088481251686,0.5786350148367952,0.5894254113838684,0.5459940652818991,0.5155111950364176,0.5057998381440518,0.5047207984893445,0.5047207984893445,0.5047207984893445,0.5047207984893445
amq-5.5.0,0.1107481215289121,0.2012414243711205,0.2793204835021234,0.359359686377001,0.437765436131983,0.4913426984645541,0.505390395295655,0.4710878797778504,0.5749754982032016,0.4348252205161712,0.4570401829467494,0.5472067951649787,0.5220516171185887,0.5289121202221496,0.533812479581836,0.533812479581836,0.533812479581836,0.533812479581836,0.533812479581836,0.533812479581836
amq-5.6.0,0.1118293471234647,0.2036199095022624,0.2792501616031028,0.3581124757595346,0.4350355526826115,0.4925662572721396,0.5216548157724629,0.4608920491273432,0.5281189398836458,0.5177763413057531,0.4369747899159664,0.4718810601163542,0.5630252100840336,0.5184227537168714,0.519715578539108,0.5145442792501616,0.5138978668390433,0.5138978668390433,0.5138978668390433,0.5138978668390433
amq-5.7.0,0.1061827956989247,0.2029569892473118,0.2782258064516129,0.3508064516129032,0.4220430107526882,0.4677419354838709,0.4422043010752688,0.3924731182795699,0.4986559139784946,0.4905913978494624,0.2432795698924731,0.3803763440860215,0.4771505376344086,0.5134408602150538,0.5201612903225806,0.5201612903225806,0.5201612903225806,0.5201612903225806,0.5201612903225806,0.5201612903225806
amq-5.8.0,0.1185661764705882,0.2158088235294117,0.3060661764705882,0.3902573529411764,0.4691176470588235,0.5409926470588236,0.533639705882353,0.5264705882352941,0.5602941176470588,0.4233455882352941,0.5696691176470589,0.6634191176470589,0.6207720588235294,0.5965073529411765,0.5806985294117647,0.5808823529411765,0.5808823529411765,0.5808823529411765,0.5808823529411765,0.5808823529411765
amq-5.9.0,0.1238589211618257,0.225103734439834,0.3219917012448133,0.4120331950207468,0.4933609958506224,0.5728215767634854,0.558091286307054,0.549585062240664,0.5973029045643153,0.4004149377593361,0.5798755186721992,0.6850622406639004,0.6616182572614108,0.6408713692946059,0.6410788381742739,0.6410788381742739,0.6410788381742739,0.6410788381742739,0.6410788381742739,0.6410788381742739
amq-5.10.0,0.131721061281991,0.2378492603897628,0.3371683493777882,0.4308523127494717,0.5186663536041324,0.5938013618220239,0.5764263911716365,0.5846442826954684,0.5987320967363231,0.4674806292556938,0.6050716130547077,0.6323080535336933,0.678093449166471,0.6459262737731862,0.6471002582765908,0.6471002582765908,0.6471002582765908,0.6471002582765908,0.6471002582765908,0.6471002582765908
amq-5.11.0,0.1302752293577981,0.2435124508519004,0.3415465268676277,0.4411533420707733,0.5310615989515072,0.6034076015727392,0.5973787680209699,0.5855832241153343,0.5695937090432504,0.5323722149410223,0.5965923984272609,0.6154652686762778,0.6482306684141547,0.6201834862385321,0.6159895150720839,0.6041939711664482,0.6041939711664482,0.6041939711664482,0.6041939711664482,0.6041939711664482
amq-5.12.0,0.1255872220482305,0.233009708737864,0.3275916066395239,0.4237394300031318,0.5114312558722205,0.5815847165674913,0.6075790792358283,0.60632633886627,0.5891011587848418,0.4801127466332602,0.5781396805512058,0.6695897275289696,0.7012214218603194,0.6526777325399311,0.6523645474475415,0.6520513623551519,0.6520513623551519,0.6520513623551519,0.6520513623551519,0.6520513623551519
amq-5.14.0,0.1441523118766999,0.2502266545784224,0.3513145965548504,0.4451495920217588,0.5249320036264733,0.5902085222121487,0.6264732547597461,0.6323662737987308,0.5942883046237534,0.428377153218495,0.5915684496826836,0.6731640979147778,0.6731640979147778,0.6359927470534905,0.6246600181323663,0.6246600181323663,0.6246600181323663,0.6246600181323663,0.6246600181323663,0.6246600181323663
amq-5.15.0,0.1464597478176527,0.2463627546071775,0.3588748787584869,0.4684772065955383,0.5664403491755577,0.6430649854510184,0.6711930164888458,0.7255092143549952,0.7507274490785645,0.5363724539282251,0.7381183317167799,0.7837051406401552,0.7643064985451018,0.6508244422890398,0.6314258001939864,0.6314258001939864,0.6314258001939864,0.6314258001939864,0.6314258001939864,0.6314258001939864
bookkeeper-4.2.0,0.0929054054054054,0.1976351351351351,0.2956081081081081,0.3817567567567567,0.4324324324324324,0.3682432432432432,0.3445945945945945,0.2601351351351351,0.1689189189189189,0.375,0.0557432432432432,0.0692567567567567,0.0962837837837837,0.0287162162162162,0.0354729729729729,0.0354729729729729,0.0354729729729729,0.0354729729729729,0.0354729729729729,0.0354729729729729
bookkeeper-4.4.0,0.1156893819334389,0.2060221870047543,0.2503961965134706,0.3454833597464342,0.4310618066561014,0.4247226624405705,0.4770206022187004,0.4469096671949287,0.3074484944532488,0.2361331220285261,0.1759112519809825,0.2044374009508716,0.1521394611727416,0.3011093502377179,0.2614896988906497,0.2630744849445325,0.2630744849445325,0.2630744849445325,0.2630744849445325,0.2630744849445325
calcite-1.8.0,0.0850230128125388,0.1794377410125637,0.2762781440477671,0.3754820251275034,0.4053986814280383,0.360990172907078,0.3468093046398806,0.3108595596467222,0.2637143923373554,0.3468715014305262,0.2449309615623834,0.2033835054111208,0.1842890906829207,0.4253016544346312,0.4568976240825973,0.4598830700335862,0.4606294315213335,0.4606294315213335,0.4606294315213335,0.4605672347306879
calcite-1.11.0,0.0875058493214787,0.1784210174476903,0.2754194799117588,0.3744902734139982,0.4032355103950799,0.3651313590480647,0.3363192726786549,0.294939501303563,0.2434654722909285,0.3746239721906544,0.243131225349288,0.1941306237047931,0.1873119860953272,0.4450163781001404,0.4572498161641821,0.441272812353767,0.4398689751988769,0.4393341800922521,0.4388662343739555,0.4387325355972993
calcite-1.13.0,0.0820900953351284,0.1690561094534604,0.2626446401280838,0.3619823884724547,0.4204206389636853,0.402299687067899,0.4058656575212866,0.412997598428062,0.3656939087402663,0.3565242704315552,0.2800378429517502,0.3192635179390146,0.3191907430318026,0.3926933993159158,0.3964776944909395,0.402226912160687,0.4000436649443272,0.3996797904082672,0.3996070155010552,0.3996070155010552
calcite-1.15.0,0.0856673447034892,0.1703958691910499,0.2643561258019089,0.3648881239242685,0.4252855578156783,0.4040838679392896,0.3903927397903302,0.4024409325614145,0.3645751838522922,0.3630887185104052,0.3502581755593804,0.3509622907213268,0.3206853387576279,0.385855108746675,0.3848380535127523,0.3892192145204193,0.3896103896103896,0.3894539195744015,0.3893756845564075,0.3893756845564075
calcite-1.16.0,0.0857233401996514,0.1716843606401521,0.2660434162573284,0.3671367453652353,0.4300427824433528,0.4154650610045951,0.3953414672793535,0.405165583901125,0.3696720012676279,0.3565203612739661,0.3617493265726509,0.3556488670575186,0.3265726509269529,0.3749009665663128,0.3825859610204405,0.384487402947235,0.3860719378862304,0.3863096181270797,0.3863096181270797,0.3863096181270797
calcite-1.17.0,0.0861358956760466,0.1666666666666666,0.252345001143903,0.3419126058110272,0.4045984900480439,0.3961336078700526,0.381949210706932,0.3955616563715396,0.3635323724548158,0.3890414092884923,0.3669640814458934,0.391329215282544,0.3293296728437428,0.4511553420269961,0.4216426447037291,0.4273621596888584,0.4283916723861816,0.4286204529855868,0.4287348432852894,0.4287348432852894
calcite-1.18.0,0.0802576835324117,0.1560864313514964,0.2364783250570393,0.3294859750369078,0.3968594819487317,0.3972621124681251,0.3749832237283586,0.3574016910481814,0.3465306670245605,0.3935042276204536,0.3473359280633472,0.3473359280633472,0.3747148033820963,0.3920279157160112,0.4262515098644477,0.4340356999060529,0.4352435914642329,0.4353778016373641,0.4353778016373641,0.4353778016373641
cassandra-0.8.6,0.1131934032983508,0.2166416791604198,0.2908545727136432,0.3740629685157421,0.3894302848575712,0.3984257871064467,0.297976011994003,0.3062218890554722,0.2582458770614693,0.3590704647676161,0.1881559220389805,0.1206896551724138,0.0461019490254872,0.1270614692653673,0.1270614692653673,0.1270614692653673,0.1270614692653673,0.1270614692653673,0.1270614692653673,0.1270614692653673
cassandra-1.0.9,0.1077199281867145,0.1998803111909036,0.2639138240574506,0.3429084380610412,0.3764213046080191,0.2393776181926989,0.3614602034709754,0.2770795930580491,0.2124476361460203,0.402752842609216,0.1340514661879114,0.1292639138240574,0.0107719928186714,0.047277079593058,0.047277079593058,0.047277079593058,0.047277079593058,0.047277079593058,0.047277079593058,0.047277079593058
cassandra-1.1.6,0.1178535606820461,0.2071213640922768,0.2848545636910732,0.3630892678034102,0.4147442326980943,0.3440320962888666,0.3665997993981946,0.347542627883651,0.2186559679037111,0.5651955867602808,0.1715145436308927,0.171013039117352,0.2587763289869609,0.2958876629889669,0.2958876629889669,0.2958876629889669,0.2958876629889669,0.2958876629889669,0.2958876629889669,0.2958876629889669
cassandra-1.1.11,0.118066561014263,0.2044374009508716,0.2702060221870047,0.3367670364500792,0.3771790808240887,0.332012678288431,0.3161648177496038,0.152931854199683,0.3335974643423138,0.4120443740095087,0.0530903328050713,0.0942947702060221,0.0174326465927099,0.3557844690966719,0.3557844690966719,0.3557844690966719,0.3557844690966719,0.3557844690966719,0.3557844690966719,0.3557844690966719
cassandra-1.2.11,0.111377245508982,0.2035928143712574,0.2790419161676646,0.3544910179640718,0.3916167664670659,0.3209580838323353,0.2431137724550898,0.2011976047904191,0.325748502994012,0.2215568862275449,0.1880239520958083,0.081437125748503,0.1053892215568862,0.1568862275449102,0.1568862275449102,0.1568862275449102,0.1568862275449102,0.1568862275449102,0.1568862275449102,0.1568862275449102
flink-1.6.0,0.1268917345750873,0.2281722933643772,0.3236321303841676,0.4225844004656577,0.5227008149010477,0.570430733410943,0.6135040745052387,0.5983701979045402,0.5878928987194412,0.3585564610011641,0.5017462165308498,0.5261932479627474,0.490104772991851,0.3725261932479627,0.3690337601862631,0.3620488940628638,0.359720605355064,0.3585564610011641,0.3585564610011641,0.3585564610011641
groovy-1.5.5,0.1587901701323251,0.277882797731569,0.3742911153119093,0.4347826086956521,0.5330812854442344,0.4083175803402646,0.5935727788279773,0.4045368620037807,0.3761814744801512,0.5595463137996219,0.4177693761814744,0.3100189035916824,0.5103969754253308,0.3572778827977316,0.3591682419659735,0.3591682419659735,0.3591682419659735,0.3591682419659735,0.3591682419659735,0.3591682419659735
groovy-1.6.0,0.1763888888888889,0.2833333333333333,0.3875,0.4888888888888889,0.5375,0.5916666666666667,0.4597222222222222,0.4541666666666666,0.4277777777777777,0.2819444444444444,0.3291666666666666,0.3166666666666666,0.3638888888888889,0.4736111111111111,0.4583333333333333,0.4430555555555555,0.4291666666666666,0.4152777777777778,0.3930555555555555,0.3833333333333333
groovy-1.7.3,0.103883495145631,0.187378640776699,0.287378640776699,0.3902912621359223,0.4796116504854369,0.4912621359223301,0.4980582524271845,0.2679611650485436,0.5815533980582525,0.2757281553398058,0.2805825242718446,0.5271844660194175,0.3699029126213592,0.5563106796116505,0.5485436893203883,0.5436893203883495,0.5359223300970873,0.5359223300970873,0.5330097087378641,0.5330097087378641
groovy-1.7.6,0.0963855421686747,0.1981258366800535,0.2757697456492637,0.3654618473895582,0.4497991967871486,0.4591700133868808,0.4846050870147255,0.4096385542168674,0.2878179384203481,0.0803212851405622,0.4953145917001338,0.5475234270414994,0.1552878179384203,0.6331994645247657,0.6452476572958501,0.6452476572958501,0.6452476572958501,0.6452476572958501,0.6452476572958501,0.6452476572958501
groovy-1.8.1,0.1429270680372002,0.2530592266275085,0.3460597161037689,0.4351443954968184,0.5007342143906021,0.5139500734214391,0.5369554576603035,0.5658345570239843,0.495349975526187,0.3142437591776799,0.4605971610376896,0.1649534997552618,0.1424375917767988,0.2843857072931963,0.2912383749388155,0.2912383749388155,0.2907488986784141,0.28928046989721,0.28928046989721,0.28928046989721
groovy-1.8.7,0.3388429752066115,0.4214876033057851,0.4931129476584022,0.5344352617079889,0.5922865013774105,0.6005509641873278,0.4269972451790633,0.559228650137741,0.3746556473829201,0.512396694214876,0.4628099173553719,0.3884297520661157,0.3278236914600551,0.2121212121212121,0.2121212121212121,0.2121212121212121,0.2121212121212121,0.209366391184573,0.2066115702479339,0.2038567493112947
groovy-2.1.0,0.1444073455759599,0.2328881469115192,0.3138564273789649,0.3848080133555926,0.4190317195325542,0.4207011686143572,0.4190317195325542,0.4891485809682804,0.4357262103505843,0.2604340567612688,0.4666110183639399,0.3071786310517529,0.4941569282136895,0.6736227045075125,0.6828046744574291,0.6828046744574291,0.6828046744574291,0.6828046744574291,0.6828046744574291,0.6828046744574291
groovy-2.1.6,0.1544943820224719,0.2359550561797752,0.2991573033707865,0.3412921348314606,0.4058988764044944,0.4592696629213483,0.348314606741573,0.4817415730337078,0.4044943820224719,0.446629213483146,0.5028089887640449,0.5435393258426966,0.4789325842696629,0.6643258426966292,0.675561797752809,0.6783707865168539,0.6741573033707865,0.6741573033707865,0.6699438202247191,0.6699438202247191
groovy-2.4.4,0.1441743503772003,0.2464375523889354,0.3227158424140821,0.4073763621123218,0.4836546521374685,0.4911986588432523,0.4291701592623638,0.3805532271584241,0.4450963956412406,0.4107292539815591,0.3906119027661358,0.3160100586756077,0.479463537300922,0.663872590108969,0.6269907795473596,0.6303436714165969,0.6303436714165969,0.6303436714165969,0.6303436714165969,0.6303436714165969
groovy-2.4.6,0.1422805247225025,0.2452068617558022,0.3269424823410696,0.3995963673057517,0.4843592330978809,0.4823410696266397,0.4439959636730575,0.3693239152371342,0.4409687184661958,0.3329969727547931,0.3562058526740666,0.3420787083753784,0.4127144298688194,0.6659939455095862,0.6296670030272452,0.6347124117053481,0.6347124117053481,0.6347124117053481,0.6347124117053481,0.6347124117053481
groovy-2.4.8,0.1434034416826003,0.2275334608030592,0.3097514340344168,0.395793499043977,0.4760994263862332,0.3804971319311663,0.378585086042065,0.3556405353728489,0.6252390057361377,0.4397705544933078,0.2963671128107074,0.3709369024856596,0.3040152963671128,0.6902485659655831,0.6845124282982792,0.6845124282982792,0.6845124282982792,0.6845124282982792,0.6845124282982792,0.6845124282982792
groovy-2.5.0,0.1122715404699739,0.2093124456048738,0.2989556135770235,0.3785900783289817,0.4347258485639687,0.4830287206266319,0.4247171453437772,0.453437771975631,0.3894691035683202,0.38207136640557,0.2972149695387293,0.4747606614447345,0.4199303742384682,0.6279373368146214,0.741514360313316,0.7445604873803308,0.7445604873803308,0.7441253263707572,0.7441253263707572,0.7441253263707572
groovy-2.5.5,0.1039812646370023,0.1967213114754098,0.2903981264637002,0.3690866510538642,0.4426229508196721,0.4374707259953161,0.5063231850117096,0.5906323185011709,0.5175644028103045,0.3353629976580796,0.3166276346604215,0.3156908665105386,0.351288056206089,0.6510538641686182,0.7419203747072599,0.7437939110070257,0.7428571428571429,0.7428571428571429,0.7428571428571429,0.7428571428571429
hbase-0.94.5,0.1106290672451193,0.1874806321660985,0.3424233033777502,0.4217539510381159,0.4307406259683917,0.4400371862410908,0.4487139758289433,0.4254725751471955,0.427022001859312,0.3938642702200186,0.4074992252866439,0.4226836070653858,0.2959405020142547,0.3067864889990703,0.3204214440656956,0.3179423613263092,0.3179423613263092,0.3179423613263092,0.3179423613263092,0.3179423613263092
hbase-0.98.0,0.1121037463976945,0.1939481268011527,0.3146974063400576,0.397550432276657,0.4067723342939481,0.405043227665706,0.3236311239193083,0.2752161383285302,0.1756484149855907,0.3157060518731988,0.1740634005763688,0.2077809798270893,0.0299711815561959,0.4639769452449567,0.5981268011527378,0.5984149855907781,0.5985590778097982,0.5985590778097982,0.5985590778097982,0.5985590778097982
hbase-0.98.5,0.0975039001560062,0.1773790951638065,0.2973478939157566,0.381591263650546,0.4065522620904836,0.4193447737909516,0.3018720748829953,0.3995319812792511,0.1775351014040561,0.2010920436817472,0.1903276131045241,0.4864274570982839,0.0343213728549142,0.4850234009360374,0.615600624024961,0.6171606864274571,0.6171606864274571,0.6171606864274571,0.6171606864274571,0.6171606864274571
hbase-0.98.11,0.127437641723356,0.238095238095238,0.3351473922902494,0.4453514739229025,0.3832199546485261,0.2857142857142857,0.1555555555555555,0.1873015873015873,0.0816326530612244,0.3945578231292517,0.0956916099773242,0.1959183673469387,0.1188208616780045,0.3800453514739229,0.7043083900226758,0.7106575963718821,0.7115646258503401,0.7115646258503401,0.7115646258503401,0.7115646258503401
hive-1.2.0,0.1377245508982036,0.2290419161676646,0.3233532934131736,0.405688622754491,0.4625748502994012,0.4161676646706587,0.467065868263473,0.4161676646706587,0.374251497005988,0.4386227544910179,0.1796407185628742,0.2709580838323353,0.5538922155688623,0.5359281437125748,0.497005988023952,0.5014970059880239,0.5014970059880239,0.5014970059880239,0.5014970059880239,0.5014970059880239
hive-2.0.0,0.0900600400266844,0.1821214142761841,0.2815210140093395,0.3575717144763175,0.3815877251501001,0.3502334889926617,0.419613075383589,0.3422281521014009,0.3889259506337558,0.2948632421614409,0.2308205470313542,0.0693795863909272,0.2935290193462308,0.4889926617745163,0.4583055370246831,0.4603068712474983,0.4749833222148099,0.4749833222148099,0.4749833222148099,0.4749833222148099
hive-2.1.0,0.115519765739385,0.201610541727672,0.2948755490483162,0.3929721815519765,0.4351390922401171,0.3802342606149341,0.4074670571010249,0.2947291361639824,0.2701317715959004,0.3130307467057101,0.1556368960468521,0.1497803806734992,0.3809663250366032,0.5863836017569546,0.5843338213762811,0.5833089311859444,0.5793557833089312,0.5771595900439239,0.57701317715959,0.57701317715959
ignite-1.4.0,0.1423939225495645,0.2468964239392255,0.342597739484899,0.4357976653696498,0.4880489160644802,0.5217713544561794,0.5225125069483046,0.5220492866407264,0.4838799332962757,0.3467667222531035,0.5533629794330184,0.5020381693533444,0.2691309987029831,0.2680192699647952,0.2671854734111543,0.2660737446729664,0.2620900500277932,0.2620900500277932,0.2620900500277932,0.2620900500277932
ignite-1.6.0,0.142427376139889,0.2468741186424743,0.3311083952242173,0.4201372567453229,0.4911159161417693,0.511798439409608,0.5337971232490364,0.5235498730845163,0.5369935132086114,0.4288803233994547,0.5545736579862743,0.5380276393720034,0.2836326031775876,0.2840086490551847,0.2827864999529942,0.2811883049732067,0.2775218576666353,0.2769577888502397,0.2764877315032434,0.2764877315032434
log4j2-2.1,0.0797144556811421,0.1618084473527662,0.2558001189767995,0.3539559785841761,0.4247471743010113,0.4348602022605592,0.4384295062462819,0.3581201665675193,0.3831052944675788,0.3503866745984533,0.3676383105294467,0.3497917906008328,0.4146341463414634,0.3158834027364663,0.3039857227840571,0.3016061867935752,0.3016061867935752,0.3016061867935752,0.3016061867935752,0.3016061867935752
log4j2-2.2,0.0813253012048192,0.1626506024096385,0.2554216867469879,0.3578313253012048,0.4289156626506024,0.4295180722891566,0.4602409638554217,0.3548192771084337,0.358433734939759,0.3186746987951807,0.3548192771084337,0.3289156626506024,0.3957831325301205,0.3385542168674699,0.3283132530120481,0.3289156626506024,0.3289156626506024,0.3289156626506024,0.3289156626506024,0.3289156626506024
log4j2-2.3,0.0781637717121588,0.1600496277915633,0.2543424317617866,0.3548387096774194,0.4280397022332506,0.4280397022332506,0.4385856079404466,0.3535980148883375,0.3554590570719603,0.2872208436724566,0.3455334987593052,0.3846153846153846,0.4274193548387097,0.3380893300248139,0.3430521091811414,0.3436724565756824,0.3436724565756824,0.3436724565756824,0.3436724565756824,0.3436724565756824
log4j2-2.4,0.090457804743519,0.1787093215664644,0.2790954219525648,0.3656922228350799,0.4384997242140099,0.4594594594594595,0.4815223386651958,0.4892443463872035,0.3463872035300607,0.3331494760066188,0.456150027578599,0.3761720904578047,0.456150027578599,0.3938223938223938,0.3701047986762272,0.3623827909542195,0.356315499172642,0.356315499172642,0.356315499172642,0.356315499172642
log4j2-2.5,0.1004228329809725,0.2124735729386892,0.3097251585623679,0.403276955602537,0.4815010570824524,0.4873150105708245,0.4730443974630021,0.4894291754756871,0.4725158562367865,0.4830866807610993,0.4339323467230443,0.3609936575052854,0.2896405919661733,0.2679704016913319,0.2610993657505285,0.2600422832980972,0.2600422832980972,0.2600422832980972,0.2600422832980972,0.2600422832980972
log4j2-2.6,0.1208406304728546,0.2475189725627554,0.3648569760653823,0.4681844716870986,0.5370694687682428,0.5411558669001751,0.5691768826619965,0.51138353765324,0.4763572679509632,0.4687682428488032,0.4734384121424401,0.4354932866316404,0.2755399883245767,0.2276707530647986,0.2270869819030939,0.2224168126094571,0.2224168126094571,0.2224168126094571,0.2224168126094571,0.2224168126094571
log4j2-2.7,0.1038062283737024,0.2145328719723183,0.3200692041522491,0.4178200692041522,0.4922145328719723,0.5198961937716263,0.5268166089965398,0.4878892733564013,0.5311418685121108,0.3719723183391003,0.5004325259515571,0.5735294117647058,0.3762975778546713,0.4173875432525951,0.4009515570934256,0.4039792387543253,0.4039792387543253,0.4039792387543253,0.4039792387543253,0.4039792387543253
log4j2-2.8,0.087514585764294,0.1837806301050175,0.2806301050175029,0.3856476079346558,0.4463243873978996,0.4614935822637106,0.4154025670945157,0.3978996499416569,0.439906651108518,0.2602100350058343,0.2526254375729288,0.4591598599766627,0.455075845974329,0.4766627771295216,0.4935822637106184,0.4982497082847141,0.4976662777129521,0.4970828471411902,0.4970828471411902,0.4970828471411902
log4j2-2.9,0.0920881971465629,0.1906614785992217,0.2924773022049287,0.3955901426718547,0.4455252918287938,0.4922178988326848,0.4351491569390402,0.420881971465629,0.4098573281452659,0.24189364461738,0.2684824902723735,0.4130998702983138,0.4961089494163424,0.4571984435797665,0.4753566796368352,0.4811932555123216,0.4811932555123216,0.4811932555123216,0.4811932555123216,0.4811932555123216
log4j2-2.10,0.0923566878980891,0.1878980891719745,0.289171974522293,0.3834394904458599,0.4363057324840764,0.4796178343949044,0.4261146496815287,0.4025477707006369,0.3987261146496815,0.2439490445859872,0.264968152866242,0.3789808917197452,0.4707006369426751,0.4445859872611465,0.4464968152866242,0.4490445859872611,0.4490445859872611,0.4490445859872611,0.4490445859872611,0.4490445859872611
mahout-0.4,0.0772744575561477,0.1667301103920822,0.2626570232204035,0.3479253901789113,0.4309097830224591,0.4666920441568329,0.4731633041492196,0.4449942900647126,0.4408070041872858,0.301484583174724,0.2858774267224971,0.3528740007613247,0.3159497525694709,0.2394366197183098,0.1773886562618957,0.175485344499429,0.175485344499429,0.175485344499429,0.175485344499429,0.175485344499429
mahout-0.5,0.0871613663133097,0.1666666666666666,0.2485276796230859,0.3286219081272085,0.4110718492343934,0.4558303886925795,0.4393404004711425,0.4941107184923439,0.4464075382803298,0.2815076560659599,0.2455830388692579,0.21849234393404,0.2031802120141342,0.2444051825677267,0.270906949352179,0.2750294464075383,0.2762073027090695,0.2762073027090695,0.2762073027090695,0.2762073027090695
mahout-0.6,0.0816249050873196,0.1545178435839028,0.2327258921791951,0.3192862566438876,0.4066059225512528,0.4627942293090357,0.4646924829157175,0.4578587699316628,0.4802581624905087,0.3853454821564161,0.2706909643128322,0.3143507972665148,0.3306757782839787,0.3815489749430524,0.4419134396355353,0.4441913439635535,0.4445709946848899,0.4441913439635535,0.4441913439635535,0.4441913439635535
mahout-0.7,0.0840921264059989,0.1612212104981253,0.2426352437064809,0.3272629887520085,0.4059989287627209,0.4450990894483128,0.3990358864488484,0.4386716657739689,0.4713444027852169,0.480449919657204,0.3417246920192823,0.4702731655061596,0.466523835029459,0.4445634708087841,0.5179432244242099,0.5206213176218533,0.5211569362613819,0.5211569362613819,0.5211569362613819,0.5211569362613819
mahout-0.8,0.0947867298578199,0.1812796208530805,0.2689573459715639,0.3507109004739336,0.4360189573459715,0.4194312796208531,0.3969194312796208,0.3127962085308057,0.4360189573459715,0.3092417061611374,0.1919431279620853,0.2902843601895735,0.159952606635071,0.4976303317535545,0.5402843601895735,0.5485781990521327,0.5497630331753555,0.5497630331753555,0.5497630331753555,0.5497630331753555
mng-3.1.0,0.0933908045977011,0.1824712643678161,0.2600574712643678,0.3764367816091954,0.5086206896551724,0.5531609195402298,0.4655172413793103,0.4770114942528735,0.5229885057471264,0.5876436781609196,0.5876436781609196,0.5747126436781609,0.5747126436781609,0.5747126436781609,0.5747126436781609,0.5747126436781609,0.5747126436781609,0.5747126436781609,0.5747126436781609,0.5747126436781609
mng-3.2.0,0.0973451327433628,0.1828908554572271,0.2625368731563421,0.3820058997050147,0.4926253687315634,0.5221238938053098,0.4410029498525074,0.4734513274336283,0.4660766961651917,0.5073746312684366,0.5663716814159292,0.5943952802359882,0.5973451327433629,0.5811209439528023,0.5752212389380531,0.5722713864306784,0.5722713864306784,0.5722713864306784,0.5722713864306784,0.5722713864306784
mng-3.3.0,0.088695652173913,0.1826086956521739,0.2521739130434782,0.4139130434782608,0.5217391304347826,0.5652173913043478,0.4973913043478261,0.5634782608695652,0.5026086956521739,0.5147826086956522,0.5756521739130435,0.6365217391304347,0.6417391304347826,0.6417391304347826,0.6417391304347826,0.6417391304347826,0.6417391304347826,0.6417391304347826,0.6417391304347826,0.6417391304347826
mng-3.5.0,0.1167192429022082,0.2145110410094637,0.277602523659306,0.4069400630914827,0.5331230283911672,0.583596214511041,0.5205047318611987,0.6182965299684543,0.5236593059936908,0.5772870662460567,0.5331230283911672,0.5299684542586751,0.5331230283911672,0.5331230283911672,0.5331230283911672,0.5331230283911672,0.5331230283911672,0.5331230283911672,0.5331230283911672,0.5331230283911672
mng-3.6.0,0.1129032258064516,0.2177419354838709,0.2701612903225806,0.3991935483870967,0.4959677419354839,0.592741935483871,0.5483870967741935,0.7016129032258065,0.5685483870967742,0.6088709677419355,0.5080645161290323,0.5725806451612904,0.5766129032258065,0.5766129032258065,0.5766129032258065,0.5766129032258065,0.5766129032258065,0.5766129032258065,0.5766129032258065,0.5766129032258065
nifi-1.2.0,0.0947478364667263,0.1817367949865711,0.2569382273948075,0.3397493285586392,0.4077887197851387,0.4042076991942703,0.3886899433005073,0.3816771113100567,0.3645180543121456,0.3258728737690242,0.3701880035810206,0.3475082065055207,0.394956729334527,0.4064458370635631,0.3437779767233662,0.3472097881229484,0.3475082065055207,0.3472097881229484,0.3472097881229484,0.3472097881229484
nifi-1.5.0,0.1002606429192007,0.1927019982623805,0.2814943527367506,0.3702867072111208,0.4394439617723718,0.4305821025195482,0.3940920938314509,0.3588184187662901,0.3582971329278888,0.4119895742832319,0.3744569939183318,0.3986099044309296,0.3727193744569939,0.313640312771503,0.328236316246742,0.3303214596003475,0.3296264118158123,0.3299739357080799,0.3299739357080799,0.3299739357080799
nifi-1.8.0,0.1019736842105263,0.1862348178137652,0.2649291497975709,0.3385627530364372,0.3965080971659919,0.402580971659919,0.3793016194331984,0.3314777327935223,0.3370445344129554,0.3942307692307692,0.3615890688259109,0.2978238866396761,0.367914979757085,0.2451923076923076,0.2834008097165992,0.2730263157894737,0.2735323886639676,0.2740384615384615,0.2740384615384615,0.2740384615384615
nutch-1.3,0.0778546712802768,0.1782006920415225,0.2491349480968858,0.3183391003460207,0.3667820069204152,0.3252595155709342,0.314878892733564,0.2993079584775086,0.2820069204152249,0.3235294117647059,0.3373702422145329,0.1955017301038062,0.3217993079584775,0.2577854671280277,0.2854671280276816,0.3027681660899654,0.3027681660899654,0.3027681660899654,0.3027681660899654,0.3027681660899654
nutch-1.4,0.0684684684684684,0.1657657657657657,0.2504504504504504,0.3081081081081081,0.3585585585585585,0.3027027027027027,0.2990990990990991,0.2684684684684684,0.2990990990990991,0.2882882882882883,0.2990990990990991,0.2504504504504504,0.2612612612612612,0.3081081081081081,0.3189189189189189,0.3351351351351351,0.3351351351351351,0.3351351351351351,0.3351351351351351,0.3351351351351351
nutch-1.5,0.0734265734265734,0.1695804195804195,0.2255244755244755,0.291958041958042,0.3461538461538461,0.2465034965034965,0.3339160839160839,0.2534965034965035,0.2884615384615384,0.2482517482517482,0.2657342657342657,0.2465034965034965,0.1660839160839161,0.2972027972027972,0.2867132867132867,0.2954545454545454,0.2954545454545454,0.2954545454545454,0.2954545454545454,0.2954545454545454
nutch-1.6,0.0657672849915683,0.1669477234401349,0.2344013490725126,0.2849915682967959,0.3507588532883642,0.2799325463743676,0.342327150084317,0.311973018549747,0.2849915682967959,0.2428330522765598,0.2799325463743676,0.1956155143338954,0.1989881956155143,0.3220910623946037,0.2748735244519393,0.2833052276559865,0.2833052276559865,0.2833052276559865,0.2833052276559865,0.2833052276559865
nutch-1.7,0.0753768844221105,0.1708542713567839,0.2428810720268006,0.3015075376884422,0.3768844221105528,0.2830820770519263,0.3484087102177554,0.2914572864321608,0.3299832495812395,0.2914572864321608,0.271356783919598,0.2395309882747068,0.2160804020100502,0.321608040201005,0.2797319932998325,0.2864321608040201,0.2864321608040201,0.2864321608040201,0.2864321608040201,0.2864321608040201
nutch-1.8,0.0893300248138957,0.2183622828784119,0.3076923076923077,0.3821339950372208,0.4987593052109181,0.43424317617866,0.4540942928039702,0.4987593052109181,0.4516129032258064,0.3126550868486352,0.2332506203473945,0.2531017369727047,0.379652605459057,0.4665012406947891,0.3598014888337469,0.3598014888337469,0.3598014888337469,0.3598014888337469,0.3598014888337469,0.3598014888337469
nutch-1.9,0.1081967213114754,0.2491803278688524,0.3344262295081967,0.4262295081967213,0.5081967213114754,0.4098360655737705,0.4163934426229508,0.4655737704918032,0.4885245901639344,0.2688524590163934,0.3737704918032787,0.3704918032786885,0.360655737704918,0.4,0.4786885245901639,0.4819672131147541,0.4819672131147541,0.4819672131147541,0.4819672131147541,0.4819672131147541
nutch-1.10,0.1181229773462783,0.2346278317152103,0.3478964401294498,0.43042071197411,0.529126213592233,0.5485436893203883,0.4385113268608414,0.470873786407767,0.3754045307443365,0.4546925566343042,0.3689320388349514,0.3915857605177993,0.4886731391585761,0.4611650485436893,0.5533980582524272,0.5533980582524272,0.5533980582524272,0.5533980582524272,0.5533980582524272,0.5533980582524272
nutch-1.12,0.1275167785234899,0.2456375838926174,0.3503355704697987,0.4335570469798657,0.5369127516778524,0.5812080536912752,0.5154362416107383,0.5221476510067115,0.4791946308724832,0.4483221476510067,0.3570469798657718,0.4456375838926174,0.4161073825503356,0.4630872483221476,0.461744966442953,0.4657718120805369,0.4657718120805369,0.4657718120805369,0.4657718120805369,0.4657718120805369
nutch-1.13,0.1178045515394912,0.2342704149933065,0.3668005354752343,0.4471218206157965,0.5448460508701473,0.5475234270414994,0.4551539491298527,0.5502008032128514,0.4832663989290495,0.5287817938420348,0.4484605087014726,0.4270414993306559,0.4230254350736278,0.5435073627844712,0.5234270414993306,0.5287817938420348,0.5287817938420348,0.5287817938420348,0.5287817938420348,0.5287817938420348
nutch-1.14,0.1285500747384155,0.2466367713004484,0.3841554559043348,0.4693572496263079,0.5650224215246636,0.5291479820627802,0.4469357249626308,0.515695067264574,0.4947683109118087,0.3527653213751868,0.3318385650224215,0.4588938714499253,0.4050822122571001,0.5291479820627802,0.491778774289985,0.4962630792227205,0.4962630792227205,0.4962630792227205,0.4962630792227205,0.4962630792227205
nutch-1.15,0.148314606741573,0.2539325842696629,0.3797752808988764,0.5056179775280899,0.6089887640449438,0.5550561797752809,0.2853932584269663,0.4044943820224719,0.3213483146067415,0.4382022471910112,0.3550561797752809,0.4808988764044943,0.3393258426966292,0.3573033707865168,0.3595505617977528,0.3617977528089887,0.3617977528089887,0.3617977528089887,0.3617977528089887,0.3617977528089887
storm-0.9.3,0.1483253588516746,0.2535885167464115,0.3301435406698564,0.4210526315789473,0.430622009569378,0.2727272727272727,0.4593301435406698,0.3397129186602871,0.138755980861244,0.3205741626794258,0.062200956937799,0.1674641148325359,0.3636363636363636,0.7511961722488039,0.7416267942583732,0.7416267942583732,0.7416267942583732,0.7416267942583732,0.7416267942583732,0.7416267942583732
storm-1.0.0,0.1048513302034428,0.1940532081377151,0.284037558685446,0.3881064162754303,0.4546165884194053,0.3857589984350548,0.4460093896713615,0.2934272300469484,0.2386541471048513,0.0727699530516431,0.0485133020344287,0.1126760563380281,0.5610328638497653,0.582942097026604,0.5978090766823161,0.6009389671361502,0.6017214397496088,0.6017214397496088,0.6017214397496088,0.6017214397496088
storm-1.0.3,0.1385281385281385,0.2597402597402597,0.3679653679653679,0.4891774891774891,0.5584415584415584,0.5411255411255411,0.4891774891774891,0.3982683982683982,0.4242424242424242,0.0216450216450216,0.3722943722943723,0.3939393939393939,0.5800865800865801,0.8051948051948052,0.8398268398268398,0.8441558441558441,0.8441558441558441,0.8441558441558441,0.8441558441558441,0.8441558441558441
storm-1.0.5,0.1517241379310344,0.2413793103448276,0.3241379310344827,0.4413793103448276,0.5724137931034483,0.6,0.6689655172413793,0.4758620689655172,0.5862068965517241,0.0137931034482758,0.593103448275862,0.0,0.6551724137931034,0.9448275862068966,0.993103448275862,1.0,1.0,1.0,1.0,1.0
tika-0.8,0.075685903500473,0.1608325449385052,0.2620624408703879,0.3765373699148533,0.4872280037842951,0.5033112582781457,0.4465468306527909,0.3774834437086092,0.3718070009460738,0.3718070009460738,0.4654683065279091,0.390728476821192,0.3462630085146641,0.4418164616840113,0.4011352885525071,0.4011352885525071,0.4001892147587512,0.4001892147587512,0.4001892147587512,0.4001892147587512
tika-0.9,0.0705563093622795,0.1540027137042062,0.2557666214382632,0.3568521031207598,0.4545454545454545,0.4959294436906377,0.4335142469470828,0.4145183175033921,0.2672998643147897,0.3629579375848032,0.5542740841248304,0.4280868385345997,0.5223880597014925,0.4626865671641791,0.4491180461329715,0.4477611940298507,0.4477611940298507,0.4477611940298507,0.4477611940298507,0.4477611940298507
tika-0.10,0.0706163973668462,0.1502094554159186,0.2447636146020347,0.3327348892878516,0.4165170556552962,0.405146618791143,0.4380610412926391,0.3135846798324356,0.2698982645122681,0.4410532615200478,0.4542190305206463,0.4069419509275883,0.3279473369239976,0.3315380011968881,0.3578695391980849,0.3572710951526032,0.3572710951526032,0.3572710951526032,0.3572710951526032,0.3572710951526032
tika-1.1,0.0747438215792646,0.1621458710066305,0.2567811934900542,0.349005424954792,0.4195298372513562,0.4080771549125979,0.4189270644966847,0.3164556962025316,0.2465340566606389,0.4333936106088005,0.4376130198915009,0.5063291139240507,0.4050632911392405,0.3918022905364677,0.3966244725738396,0.3990355635925256,0.3990355635925256,0.3990355635925256,0.3990355635925256,0.3990355635925256
tika-1.3,0.0810142238713667,0.1830550401978973,0.272108843537415,0.3753865182436611,0.4514533085961657,0.4452690166975881,0.4304267161410018,0.3562152133580705,0.2832405689548546,0.4291898577612863,0.4106369820655535,0.4285714285714285,0.3803339517625232,0.4650587507730365,0.4489795918367347,0.4489795918367347,0.4489795918367347,0.4489795918367347,0.4489795918367347,0.4489795918367347
tika-1.5,0.0783898305084745,0.1730225988700565,0.2549435028248588,0.3580508474576271,0.4230225988700565,0.4357344632768362,0.3834745762711864,0.2846045197740113,0.2690677966101695,0.3382768361581921,0.4018361581920904,0.4194915254237288,0.3813559322033898,0.4929378531073446,0.4978813559322034,0.4936440677966102,0.4936440677966102,0.4936440677966102,0.4936440677966102,0.4936440677966102
tika-1.7,0.0902527075812274,0.1855595667870036,0.2779783393501805,0.3574007220216607,0.4368231046931408,0.4620938628158845,0.4108303249097473,0.2779783393501805,0.2563176895306859,0.3350180505415162,0.3422382671480144,0.3949458483754512,0.3646209386281588,0.3985559566787003,0.4454873646209386,0.4483754512635379,0.447653429602888,0.447653429602888,0.447653429602888,0.447653429602888
tika-1.10,0.0758035172832019,0.1710127349909035,0.2631898120072771,0.3535476046088538,0.4081261370527592,0.3984232868405093,0.4505761067313523,0.4505761067313523,0.3238326258338387,0.3917525773195876,0.4724075197089145,0.4675560946027896,0.4439053972104305,0.6106731352334749,0.4184354154032747,0.4190418435415403,0.4184354154032747,0.4184354154032747,0.4184354154032747,0.4184354154032747
tika-1.13,0.0733082706766917,0.1622807017543859,0.2518796992481203,0.3452380952380952,0.4104010025062656,0.4235588972431077,0.4724310776942356,0.5093984962406015,0.449874686716792,0.5457393483709273,0.3583959899749373,0.3765664160401002,0.6741854636591479,0.6121553884711779,0.412907268170426,0.4104010025062656,0.4097744360902255,0.4091478696741855,0.4091478696741855,0.4091478696741855
tika-1.15,0.0703839122486288,0.1663619744058501,0.2477148080438757,0.3409506398537477,0.4314442413162705,0.4689213893967093,0.5594149908592322,0.5493601462522852,0.4113345521023766,0.5127970749542962,0.5978062157221207,0.2440585009140767,0.2568555758683729,0.6572212065813529,0.5274223034734917,0.5283363802559415,0.5246800731261426,0.5246800731261426,0.5246800731261426,0.5246800731261426
tika-1.17,0.0722772277227722,0.1475247524752475,0.2386138613861386,0.3386138613861386,0.4099009900990099,0.4475247524752475,0.5584158415841585,0.5762376237623762,0.5574257425742575,0.4465346534653465,0.5267326732673268,0.198019801980198,0.296039603960396,0.7980198019801981,0.5,0.501980198019802,0.500990099009901,0.500990099009901,0.500990099009901,0.500990099009901
ww-2.0.5,0.1154156577885391,0.2300242130750605,0.357546408393866,0.4656981436642453,0.5577078288942696,0.5682001614205004,0.5746569814366425,0.5205811138014528,0.5786924939467313,0.4245359160613398,0.4721549636803874,0.4955609362389023,0.4697336561743341,0.4616626311541565,0.4584342211460855,0.4584342211460855,0.4576271186440678,0.45682001614205,0.45682001614205,0.45682001614205
ww-2.0.10,0.0800230282095567,0.1686816350028785,0.2674150834772596,0.3733448474381117,0.4775474956822107,0.5172711571675302,0.5097869890616005,0.5031663788140472,0.4870466321243523,0.3638457109959701,0.4527921704087507,0.4188255613126079,0.4340817501439263,0.4781232009211283,0.4864709268854346,0.4870466321243523,0.4870466321243523,0.4870466321243523,0.4870466321243523,0.4870466321243523
ww-2.1.1,0.1249155975692099,0.237677245104659,0.351114112086428,0.4456448345712356,0.5469277515192438,0.5064145847400405,0.5401755570560433,0.5219446320054018,0.5388251181634031,0.4321404456448345,0.3679945982444294,0.4051316677920324,0.4152599594868332,0.450371370695476,0.4267386900742741,0.4287643484132343,0.4287643484132343,0.4287643484132343,0.4287643484132343,0.4287643484132343
ww-2.1.3,0.1213517665130568,0.2288786482334869,0.3425499231950845,0.4339477726574501,0.5245775729646698,0.5245775729646698,0.5399385560675883,0.4708141321044546,0.4662058371735791,0.4516129032258064,0.553763440860215,0.5038402457757296,0.4554531490015361,0.4009216589861751,0.4086021505376344,0.4101382488479262,0.4101382488479262,0.4101382488479262,0.4101382488479262,0.4101382488479262
ww-2.1.7,0.1201224177505738,0.2257077276205049,0.332823259372609,0.4162203519510329,0.5110941086457537,0.4881407804131599,0.5378729915837797,0.4736036725325172,0.476664116296863,0.4797245600612089,0.5156847742922723,0.4575363427697016,0.4055087987758225,0.4116296863045141,0.4169854628921193,0.4177505738332058,0.4177505738332058,0.4177505738332058,0.4177505738332058,0.4177505738332058
ww-2.2.0,0.1133603238866396,0.2196356275303643,0.312246963562753,0.4048582995951417,0.4696356275303643,0.4640688259109312,0.4655870445344129,0.465080971659919,0.4134615384615384,0.4337044534412955,0.3254048582995951,0.3309716599190283,0.367914979757085,0.2525303643724696,0.2353238866396761,0.2343117408906882,0.2343117408906882,0.2343117408906882,0.2343117408906882,0.2343117408906882
ww-2.2.2,0.1161704611792177,0.2142440163455925,0.3123175715119673,0.4063047285464098,0.4716870986573263,0.4705195563339171,0.4477524810274372,0.4687682428488032,0.4121424401634559,0.4576765907764156,0.2988908347927612,0.3088149445417396,0.3636894337419731,0.3041447752481027,0.2895504962054874,0.2825452422650321,0.2825452422650321,0.2825452422650321,0.2825452422650321,0.2825452422650321
ww-2.3.1,0.118488253319714,0.2288049029622063,0.3253319713993871,0.4244126659856997,0.4994892747701736,0.4698672114402451,0.4576098059244127,0.4300306435137895,0.3626149131767109,0.5061287027579162,0.2466802860061287,0.2660878447395301,0.3871297242083759,0.3360572012257405,0.3074565883554647,0.2992849846782431,0.2967313585291113,0.2946884576098059,0.2946884576098059,0.2946884576098059
ww-2.3.4,0.1250930752047654,0.2352941176470588,0.340282948622487,0.4542069992553983,0.5256887565152644,0.5309009679821296,0.4542069992553983,0.4199553239017126,0.3373045420699925,0.4422933730454207,0.3626209977661951,0.3953834698436336,0.3268801191362621,0.2509307520476545,0.2352941176470588,0.2352941176470588,0.2352941176470588,0.2352941176470588,0.2352941176470588,0.2352941176470588
ww-2.3.10,0.1271028037383177,0.2495327102803738,0.3514018691588785,0.4598130841121495,0.5364485981308411,0.5074766355140187,0.4644859813084112,0.3757009345794392,0.3411214953271028,0.3869158878504672,0.3467289719626168,0.3523364485981308,0.219626168224299,0.2785046728971962,0.2616822429906542,0.2616822429906542,0.2616822429906542,0.2616822429906542,0.2616822429906542,0.2616822429906542
ww-2.3.15,0.127039627039627,0.2482517482517482,0.3543123543123543,0.4662004662004662,0.5606060606060606,0.486013986013986,0.5233100233100233,0.4067599067599067,0.3659673659673659,0.3659673659673659,0.3158508158508158,0.3496503496503496,0.2097902097902098,0.2622377622377622,0.2365967365967366,0.2331002331002331,0.2331002331002331,0.2331002331002331,0.2331002331002331,0.2331002331002331
ww-2.3.17,0.1446028513238289,0.2688391038696537,0.3727087576374745,0.4725050916496945,0.5885947046843177,0.5621181262729125,0.5071283095723014,0.3747454175152749,0.460285132382892,0.4338085539714867,0.3360488798370672,0.3808553971486761,0.130346232179226,0.2769857433808554,0.2769857433808554,0.2769857433808554,0.2769857433808554,0.2769857433808554,0.2769857433808554,0.2769857433808554
ww-2.3.20,0.1608695652173913,0.2847826086956522,0.3956521739130434,0.4913043478260869,0.5978260869565217,0.5717391304347826,0.5565217391304348,0.3434782608695652,0.4369565217391304,0.4739130434782608,0.3760869565217391,0.3673913043478261,0.1478260869565217,0.2652173913043478,0.2652173913043478,0.2652173913043478,0.2652173913043478,0.2652173913043478,0.2652173913043478,0.2652173913043478
ww-2.3.24,0.1083223249669749,0.2166446499339498,0.3104359313077939,0.4015852047556142,0.4821664464993395,0.4966974900924703,0.5165125495376486,0.4557463672391017,0.5217965653896962,0.2562747688243065,0.1994715984147952,0.5680317040951123,0.4768824306472919,0.5970937912813739,0.5970937912813739,0.5970937912813739,0.5970937912813739,0.5970937912813739,0.5970937912813739,0.5970937912813739
zookeeper-3.5.1,0.0919540229885057,0.193103448275862,0.2881226053639846,0.389272030651341,0.4597701149425287,0.4352490421455938,0.4291187739463601,0.4727969348659004,0.4030651340996168,0.271264367816092,0.2467432950191571,0.3141762452107279,0.2681992337164751,0.5379310344827586,0.6030651340996168,0.6099616858237548,0.6099616858237548,0.6099616858237548,0.6099616858237548,0.6099616858237548
zookeeper-3.5.2,0.0937215650591446,0.1901728844404003,0.2893539581437671,0.3930846223839854,0.45950864422202,0.4276615104640582,0.4222020018198362,0.4731574158325751,0.4276615104640582,0.2638762511373976,0.1765241128298453,0.292083712465878,0.2738853503184713,0.532302092811647,0.6278434940855323,0.6314831665150137,0.6314831665150137,0.6314831665150137,0.6314831665150137,0.6314831665150137
zookeeper-3.5.3,0.1611570247933884,0.2809917355371901,0.3636363636363636,0.4793388429752066,0.5661157024793388,0.5578512396694215,0.4958677685950413,0.4008264462809917,0.4462809917355372,0.4297520661157025,0.3388429752066115,0.3512396694214876,0.4297520661157025,0.2272727272727272,0.2438016528925619,0.2438016528925619,0.2438016528925619,0.2438016528925619,0.2438016528925619,0.2438016528925619
