NLP-NGram,NLP-NGram-C,MIT-TMI-LR,MIT-TMI-MNB,MIT-TMI-SVM,MIT-TMI-DT,MIT-TMI-RF,MIT-LineDP,SAT-PMD,SAT-CheckStyle,BASE-Glance-MD,BASE-Glance-EA,BASE-Glance-LR
0.3574645424051975,0.4738220340113985,0.6496557781425714,0.3829634354096715,0.6653181493536499,0.5044746632149701,0.3839531277733963,0.391252083727381,0.5909216134720424,0.4960290990220711,0.3304697821143554,0.3341005634940079,0.313369870622266
0.3563899931083523,0.463178131588649,0.6975678185174489,0.3879917973263896,0.7009145612232847,0.4926462804672916,0.4578252796848583,0.4320228423472366,0.5787222761005226,0.5249457180539975,0.3294246800032192,0.3036835478933291,0.2440704370304504
0.3614657936771784,0.4933002214723714,0.7026067456070882,0.5117594930794349,0.7037791572789879,0.6696694014211642,0.6010434207902334,0.5371539131971079,0.6425005685972095,0.5992521305680337,0.3505700838184337,0.3653300531121196,0.4619279593203813
0.3371752500740875,0.4974393979736337,0.6674723766878725,0.3371247805776055,0.6849956027903534,0.4114661278517333,0.369142656646013,0.2783803389047368,0.5629627730523538,0.483403134537891,0.3313835153083169,0.3207569464433947,0.212958221455577
0.3653236225512271,0.5312568095947746,0.5383724297861643,0.3185005617454145,0.5490680844881757,0.4590607570189909,0.3223184678485661,0.2613838046245458,0.5852229194857984,0.5290630052459444,0.3758833921765981,0.4114939923991543,0.2184425889807354
0.3412749414749093,0.5437672730709017,0.7061021289028391,0.6195981612185987,0.7071097470836851,0.6936792620060099,0.6945817979417143,0.6661927256121605,0.693387625029826,0.6772324517667899,0.3433894415121732,0.4227141733229492,0.6371654318870296
0.3527945642456505,0.5022260290157854,0.6772545591952397,0.3580012801229353,0.680536697685826,0.466547060957216,0.373329463124949,0.2842279401060441,0.5614885400845313,0.4883632982778255,0.3087796912251358,0.2818411289859569,0.1767806829477602
0.358114011546662,0.5027260588071782,0.6562854101980913,0.345946802036793,0.6894043448262261,0.5099129239437964,0.35025897692981,0.2577471701603402,0.5658547080386662,0.4721547429181028,0.3145737936286739,0.3007489530018083,0.1676275382772487
0.3550851157273899,0.4800444244395816,0.6622851035963271,0.3610844469459145,0.6956581615431899,0.554240503687168,0.386201155485055,0.3476878302336676,0.5993150818558786,0.5245859998523377,0.3139292419246944,0.2827823584210661,0.2590834994955687
0.355363896564265,0.4971267481480347,0.660683892749271,0.3528451447931667,0.6613752919179404,0.5408490831165126,0.3647807524753392,0.2904175286275312,0.5812260117655054,0.482875087274338,0.3208619814238762,0.296868310581062,0.1592924492262087
0.3476602671965437,0.519632412505552,0.6742064657757316,0.3489099235663896,0.6833444547743908,0.5682480826249426,0.3888512922095146,0.3223407824458799,0.5930757068501331,0.4967486171924777,0.3189623442375398,0.2856646424086685,0.2291340417347048
0.3358829825664107,0.5241768924079762,0.6564169777051414,0.3261514715301562,0.6986562226366577,0.4316665121643892,0.3219793762981077,0.2499772180262713,0.5598215495090343,0.4806132441898224,0.3244888962064014,0.3125039805349096,0.1256567361508339
0.3481267613117498,0.4752626947813784,0.6837661812315892,0.4546799415556656,0.7029795578796577,0.7046578944451111,0.6835270484510175,0.5975267002102161,0.6746175784497568,0.6495331674271639,0.3095636878348964,0.2884801554330449,0.5709755376722159
0.342439797918873,0.468859122797937,0.6906283357324793,0.3445222624746688,0.6998105152495985,0.4844478686514355,0.3596965338557683,0.2928448051559721,0.5558321078331372,0.4946260103053347,0.3055961357337046,0.2750302380735721,0.1695593471350793
0.3411763757017966,0.4665519704381821,0.6760728059433093,0.3546932770489835,0.6985190260771219,0.6010331828595668,0.3911643856320578,0.3049637921400773,0.552660486113177,0.4882332998210204,0.2996585489779182,0.2763449743506,0.152795587184977
0.3335046610407794,0.4727093812369043,0.6933255718453856,0.3443124800472648,0.7025107535938884,0.5355020984286323,0.3676522967192315,0.3536814519216933,0.5575687674837028,0.5133973303516232,0.2999112955243242,0.2898153153796496,0.1838749668325074
0.3370195303565793,0.4709421975666515,0.6686695502616378,0.3600704260187761,0.6866670711539911,0.4401932852877965,0.4068069388330705,0.3559908864994424,0.537420089775149,0.4991520494295178,0.3138891607168019,0.2792719816074246,0.1667796421019208
0.3358255199924517,0.4640117889047656,0.6477048228939284,0.3230158686560214,0.677243217627809,0.5165536998294826,0.3816612225099976,0.240154828084005,0.5429334019825164,0.4697094553137871,0.3070417550832843,0.2493395949114785,0.1425375651276698
0.332687231612547,0.4437027604419448,0.6849634352720901,0.3614991808937211,0.7001833933458638,0.6196139119505734,0.4663601341591452,0.3095259726072575,0.5479732627231606,0.4862365563286046,0.2894071324771176,0.2135359167862339,0.1464213764080641
0.4177560411556411,0.536697692564232,0.5251085187899784,0.4343624887595274,0.5889890929118493,0.6591990134180286,0.5562794228064128,0.3832347864260303,0.6145916449972663,0.5432842717882328,0.3368510645148299,0.4762224215493399,0.3661633252317366
0.4655260360311982,0.5922153806788941,0.6345400439108164,0.4537697676838336,0.6718811335808693,0.685742315392086,0.6187621048713559,0.4765263076976181,0.627605340905814,0.6278665942052013,0.4129216467763,0.4941083322923355,0.3776574641567504
0.3762005284994653,0.5286308204453404,0.6639387770998494,0.3746273069594412,0.6722831474649752,0.4434851343855255,0.3478383938745779,0.3439790755749647,0.619942345765608,0.5969273527228103,0.3552680950747319,0.4925149563117306,0.2687323090214429
0.3716563340703812,0.5250210471791622,0.6052013156757619,0.3595105021535991,0.6796154138574536,0.4343238845918311,0.3512888949121717,0.352179762267279,0.6176305402219522,0.598926966921231,0.3570999148553913,0.4961641081891546,0.2867967702281496
0.3748315524028249,0.5227369139976846,0.659610616249628,0.3865729397781169,0.6708684160032176,0.5105252604431969,0.3734644062506683,0.3641161786936604,0.6223683641204043,0.5949366020332357,0.3521223481192151,0.4508630331442174,0.3149248015569751
0.3766210006077501,0.5277239540871247,0.6345765860657614,0.3748228361084567,0.6718135588723704,0.382895864625826,0.3571926627854692,0.3378277290810386,0.6244407417543826,0.6062924929225234,0.3514684592877687,0.4529992043901756,0.3090040135469402
0.373730208785703,0.5258640104334069,0.6408158836771858,0.3731484960821866,0.6605123111981476,0.3934223767516157,0.335347498695542,0.3313821133005065,0.6244760142172213,0.604757810947286,0.3487809286375088,0.4468975565332493,0.2949008843112575
0.3837585964618585,0.5211887779934223,0.6805354773371062,0.4122859789897887,0.6963896530415606,0.4800650499337283,0.4205826353992318,0.354857735896559,0.6163462016219416,0.6023030866719198,0.3615264692874667,0.4617588133248448,0.3068586516978746
0.3876131333576786,0.5278284628242441,0.6661285919611303,0.3967301242706603,0.6936938166303945,0.4630650241736025,0.3847002748539098,0.3196537055402277,0.6222400233099205,0.5990419093928429,0.3682374568434101,0.4749256271730853,0.2729874663843982
0.4245216841344512,0.5737901296889776,0.6467390578721867,0.3874119792937991,0.6480905239035449,0.5028396896195202,0.3962905132325629,0.3199118971430131,0.5719702446229787,0.5178560828202298,0.3450075134624232,0.4985698372335694,0.2273827207727908
0.4185492784308946,0.5785574227480821,0.6739748501571562,0.4493122835245653,0.6815204420972655,0.5120317469596546,0.4044183573096989,0.3802021328445594,0.5964856570176802,0.5288710920736722,0.3381119032136487,0.5460809356204355,0.2719437716852625
0.3984335103326655,0.5298586059139935,0.6699766491711521,0.386326635921356,0.6923916398204006,0.598984527342023,0.5413491305225843,0.4134018178413864,0.615651077091748,0.5627729280098058,0.3379626225644905,0.4728615820018545,0.3030428886187328
0.4349369082307929,0.5588875546111534,0.6533453889631772,0.4364335461325409,0.6720153644634592,0.5229555649816293,0.4564375967937427,0.330908327128247,0.5664931157791782,0.4957306525822414,0.3410985950626664,0.46481186116596,0.2324442716751692
0.4258778382026885,0.5727018245449814,0.6519048042345149,0.382764113274577,0.6677908441685793,0.5435047824131007,0.4993340724240515,0.3552001547631189,0.586904177477158,0.5282767020659291,0.3293701874368434,0.5421370651308728,0.1769471192078653
0.3625161972749861,0.5016661342610188,0.7055358640416634,0.6266032457871723,0.707107646290338,0.7071071182646598,0.7071115737006187,0.6829250185429172,0.6953273911905419,0.6749985175386969,0.3259864395762288,0.3116529140255157,0.6469661316852049
0.3462669724808409,0.4599278504233918,0.6281275891288014,0.3577710589264247,0.6412313633195307,0.5558112973762046,0.3777443754573388,0.2880781325082742,0.5771392255030106,0.4712857909897346,0.3303093035704466,0.3828577133928476,0.2408367284231873
0.3872225867551713,0.5106837399957971,0.6493562848355021,0.5491888737641736,0.6410511642067458,0.6739822810477412,0.5834947885167505,0.5287698756516453,0.6506460911071588,0.5926067190149954,0.3191438015223068,0.3670054866761823,0.4994089847287397
0.4009397362289678,0.4985402558623679,0.6912441890999478,0.4252409024196172,0.6912442578218853,0.6219500365867935,0.6303412797997242,0.4840037305639195,0.6424524735491336,0.593930845382507,0.3393555256305848,0.3851962488119814,0.4277515413512648
0.397638994937771,0.5178591218849486,0.6723172357898535,0.3236223522181856,0.6798316080460055,0.6430821854280668,0.4180737923859015,0.2739151998281825,0.6064513495458919,0.4554550153523757,0.3604980111432816,0.4138632253294529,0.2026811032524353
0.3571730996146818,0.4724727590960737,0.6855374912955341,0.6183269100138865,0.6733003892811223,0.6826345412601232,0.6502120880476586,0.5964096176697486,0.6760945089217839,0.6511816421613359,0.3209814557254383,0.3531400975492492,0.5622537711584717
0.4480556173002468,0.5771987972418668,0.5682877919159118,0.2907603651620241,0.622733974246626,0.4589124011178728,0.2409899702150665,0.2696702193710927,0.5640811482677897,0.4039620108360733,0.3100130366568442,0.3557737751344221,0.141297409439845
0.3474230805790836,0.4419007048620784,0.6709624718954379,0.5232994909347037,0.6378885264746864,0.7029773299657234,0.6257234691710704,0.5224226058258941,0.6277302194583921,0.5698475909044212,0.3288412427639671,0.3689201520125268,0.4387891230012918
0.3520346558476352,0.4281875459128434,0.6593184071921733,0.3346906034251158,0.6623027896465428,0.4402758071205868,0.3401291956491729,0.2399704152551818,0.5630073448522928,0.458695821588491,0.3406457688754703,0.401354234490068,0.1700286817571733
0.3694056349407928,0.4548703489321479,0.6923223785062349,0.3919526654420988,0.6581054855881087,0.660402738768085,0.6463611915888394,0.5633668583168855,0.6521075872428835,0.61923716125738,0.3379660007332378,0.3257687956497956,0.51495717822135
0.3593332927644344,0.444514439245138,0.6539146252023766,0.3268229046099389,0.6871963855751784,0.5122477122830587,0.3722712729818344,0.2855702823227928,0.5809120388155081,0.4227013350011998,0.3359768167899255,0.3010072836648024,0.1920303948337534
0.3621442154012437,0.4501949054635794,0.6466406927266634,0.325145517916456,0.7017273554205226,0.5661410843579573,0.3775967636876078,0.3037116553756777,0.5808306692503195,0.3898613761582364,0.3356102598442935,0.3312283307192417,0.171786503311948
0.3544896546017426,0.4599044434867275,0.6862927395548215,0.4484958137146333,0.697737703879492,0.663727473903667,0.6449329254642877,0.6089122580949445,0.6599761226587302,0.61894226792305,0.34450946552893,0.4012932968566538,0.5315750780764297
0.3556698455656779,0.4583226119789769,0.6881856353242325,0.3193348693232733,0.6940569229219441,0.5852401976273292,0.4530031694994549,0.3034111484939423,0.5771155591769792,0.4729064849565303,0.3462507576382501,0.3853198130685978,0.1766983851028821
0.3607449154813055,0.4348386692356955,0.6808776251474085,0.4522222244393857,0.6913721325968608,0.6460350298131047,0.5261711941946856,0.3809788462464716,0.6091910724972822,0.535648403611093,0.3425424155050741,0.407847517749997,0.2682236698474436
0.410749397301437,0.5078630592183844,0.678455477570793,0.5401184809674846,0.6920461256270146,0.6346573100386476,0.5584071569685852,0.5126450823949683,0.6115118601769353,0.5960714699220162,0.3556470056208022,0.5843398824307882,0.3462465696849769
0.4365994387213375,0.5208066453789265,0.697222161848728,0.4436630696102094,0.7015676762055819,0.5760789708960053,0.4557545786026908,0.3839612848601867,0.5869641512457127,0.5682725249917066,0.3613618339541939,0.4978016523013122,0.3081127685674134
0.3712512259600026,0.5158949698742372,0.687179207807083,0.4804205957616171,0.6965164302215751,0.558138074281186,0.4615096846115159,0.3461298128381997,0.5612622737921972,0.5331629806076215,0.3657683955937725,0.6670505124397439,0.2568558158780742
0.3847572844256531,0.4817897956569462,0.6954730593490678,0.5081405976089831,0.7028730929140267,0.6891540809362084,0.5955106469820183,0.4928238755102238,0.6468905346383494,0.6185558618466619,0.3357837391007819,0.4157593191471556,0.4044705365027816
0.4302780195415233,0.5584684533072358,0.7015099441260706,0.6156536972862153,0.7029101837802963,0.7033815025502205,0.6857495880211801,0.6222833082896586,0.6861784660745313,0.6573733049395964,0.3688624169873616,0.4750729185200021,0.5882530955353933
0.3973117155104105,0.5131167265247184,0.6985598962683084,0.4647350012333507,0.705356113478984,0.683759692065551,0.6843698366323951,0.5717042128028568,0.6625505983771939,0.6277483079354684,0.3598770850055995,0.484634014094759,0.5083989460107176
0.322543314827984,0.4567688907071195,0.6461479753123307,0.4236618481215877,0.689101401676796,0.5225189684685402,0.4487224196392141,0.3610780373589408,0.5922849500687267,0.5264955197628568,0.3309097817988365,0.3248517605890959,0.2570389208655793
0.3257486414505151,0.4602388801673772,0.6908941140608813,0.4337470249196077,0.6975391534178894,0.5416320915995252,0.4541520137968969,0.359664516371567,0.5866256946125639,0.5306104267325279,0.3332179857799116,0.3208303780052616,0.249377004182907
0.3950507317908621,0.5869748298135308,0.6860926442775045,0.3728800430117795,0.6885062673685951,0.5054955503414058,0.2969335256884567,0.2867049353033253,0.6146413925888543,0.5710985342969034,0.3354767204532359,0.3915953840046443,0.2533818147077596
0.3935243876620694,0.5859796820132536,0.6722562588486037,0.3344551861057891,0.6865827260391643,0.3737170080948098,0.2276980974059069,0.2599268503576362,0.6054723789802151,0.5512963878454092,0.3357790387296965,0.3968139592105869,0.1932903040843602
0.3922136441519998,0.5893972670033325,0.6712530756322778,0.3343982489091547,0.6838840866755632,0.4108891099348924,0.2433399348047837,0.2513296534833668,0.6071965075127164,0.5530772388722819,0.3371020185259594,0.4023316374717259,0.1928547683395161
0.3844051112967048,0.5799025790271612,0.678822038984882,0.3567907277899985,0.6957882726354605,0.3829233674369978,0.3142384533470132,0.2949882324471422,0.6186046703619257,0.5578714295586885,0.3309145364432517,0.3648799677327816,0.2292572687971624
0.3844100136067062,0.57292284587049,0.6662286675027016,0.3167190431234512,0.6658717217982709,0.4181612597979273,0.2531054728045264,0.2488207671712895,0.6027283186999605,0.5427825853433494,0.322911275064926,0.3665577975828631,0.2025326026878834
0.3678936762162331,0.5483560494069675,0.6861044173972519,0.3465554583032734,0.6924334786318823,0.4929410910923992,0.3792956498858055,0.2961318602829086,0.6239801513177171,0.5549633774840524,0.3171615929873487,0.3368235385781508,0.2257382530630999
0.3722267958743319,0.5280815220514976,0.6960698293555462,0.424691745196958,0.7002374971312918,0.5268861932952894,0.4087188898328367,0.3421801281343119,0.6193377301425764,0.5702015101552905,0.32895917469061,0.3154886845185138,0.2776785791409891
0.3896947358940999,0.5539398206486554,0.6838240920067999,0.3654462189534357,0.686232000306781,0.5405976085489222,0.3678702960162366,0.2635070715771201,0.5759309950436549,0.5438173393650106,0.3491338513888765,0.4077228673555584,0.2039120184050595
0.3832143233145814,0.547947925673892,0.6817152224449461,0.3553728018370914,0.6830515496917313,0.4865770422475815,0.3506814651267889,0.2473754368061334,0.5784565505675131,0.5397169137574,0.3496261971548083,0.4054524482621162,0.2024270702880426
0.3821989611169185,0.5512518673056896,0.6461094873093651,0.3322535273104851,0.6582899164007091,0.5308181976635358,0.3253857556323317,0.2652546808222363,0.5777507282499592,0.5334778393999907,0.3555115150624652,0.3970690054964002,0.1812399155229424
0.3771003544058533,0.5083312754971921,0.6791739095186857,0.4199485595296118,0.6765094021686542,0.6107000382541011,0.5644810635196711,0.3339634258594152,0.6291934907277631,0.6076402232743647,0.3405921095563174,0.3474753237638972,0.2584205397213162
0.3639294881433953,0.4726873445211342,0.6533433635387728,0.3930970158255574,0.6685205831372797,0.6176752941635033,0.4599955847815484,0.3054854993181012,0.6214424461840543,0.5668375736241311,0.3539180185421702,0.38130401105643,0.2121762253482969
0.390010419323592,0.5112267649632481,0.7011831265351921,0.5127206018978162,0.7029846967506742,0.6698565285957965,0.6101691677895781,0.4771939689869029,0.6672404181336357,0.6381656551869462,0.3447709909436651,0.3819611289982567,0.4331396698335601
0.3965917956860869,0.5621225940515665,0.6726657712281878,0.3906164232082494,0.6771466595935776,0.6113696074162299,0.5159938654130997,0.2311153807997529,0.5976471535757012,0.5506404309803001,0.336859828191725,0.3953716964781313,0.2035801290929288
0.3630688752957162,0.5655537257654074,0.6692904892473309,0.3646358704359733,0.6558311089571196,0.5569403706360413,0.3732309959281074,0.2591975652645479,0.6291127096025634,0.5293482550126924,0.3344252679655652,0.4729199983718898,0.2228174055760508
0.3943877370274123,0.5076930529544263,0.6386954505257696,0.3871470968653682,0.6275501526911624,0.5395824171156836,0.4235470247408907,0.2147212846397712,0.635824629897743,0.3281753142970283,0.3041665806680881,0.3140034736848371,0.168253833014217
0.4144600211078689,0.5297808171309343,0.5966771793008627,0.427142287651745,0.6122440474212585,0.534617225777411,0.4261809063632418,0.2645177257803821,0.6342591396432227,0.3604444367775125,0.3081518131844912,0.3255455418346233,0.1872184164213244
0.3954193386737257,0.5055009059278973,0.5320460194374876,0.4315228617295389,0.6003549178726019,0.6115246994101387,0.4711956782122346,0.2244660351136183,0.6274505963313217,0.3243311716511116,0.3005012750461013,0.3080820800718627,0.1466094764406763
0.407411069040132,0.5368340172864583,0.5626803389455851,0.3602787170937945,0.5867651802970455,0.5650421026907658,0.4226549237216652,0.2331910999928262,0.6131237847715966,0.3135098053822324,0.295317993858063,0.2620553143161612,0.1453386098659335
0.3789266663975921,0.5018081062345883,0.6241127376681663,0.297917526293911,0.6555908783945529,0.609879899568712,0.3795309811231365,0.1644042118485428,0.5984296242967017,0.2785486758412796,0.2907315710041245,0.2456210458345419,0.0884436117742208
0.3159904161981917,0.5037295371760343,0.6592746774049274,0.3971572896201654,0.6905406036605735,0.5681397685633877,0.4911736670489618,0.4340234504586882,0.6277561498293651,0.5918571109480165,0.3696030322450167,0.4144052792275626,0.4094104336557797
0.2985136333013218,0.502378892176403,0.6805088364059079,0.346414316606793,0.6982817853632027,0.4338597754560583,0.424586783959165,0.333443835224795,0.5870509686826783,0.5065307077781311,0.3569875083094193,0.43434706162441,0.2561310951141317
0.3005934412376259,0.5036759968243768,0.6853850992711318,0.3764321003193326,0.700745761679216,0.437262625243615,0.3729430350676756,0.3112463422992843,0.584283575949545,0.5332167081949509,0.3703504007712079,0.4303936520913879,0.2628651503338976
0.4121569833487556,0.5820324042383186,0.6397349239836769,0.3082647219857518,0.6408024952447682,0.5330894606520983,0.3849511373783991,0.287049703454229,0.5564475612304511,0.5939850930584978,0.4045020977988298,0.4805408734980307,0.2236677275353047
0.4017254070258655,0.5864832674476698,0.4998281193283678,0.2994027180875499,0.5616158719640089,0.6325785549705439,0.3642714695379103,0.2527274637681671,0.5665307083977172,0.5911396267055897,0.4137231388706662,0.4959338880467687,0.2059920232555792
0.4080079923955776,0.5967502195216381,0.431417922794767,0.3080923476279148,0.5340403752735127,0.6665686369050765,0.3441554943293405,0.247589071158609,0.5596578138565774,0.5919956701858489,0.4227873725302666,0.5120798524418948,0.206989090322692
0.4030961206914064,0.5869215646763624,0.5675499428650057,0.3139334543790574,0.596978686354408,0.5329239725173804,0.3386947731652884,0.2490381876846508,0.554175564339359,0.5925392472427856,0.4156446211271427,0.4878269367615899,0.2004701722590806
0.4112209457054478,0.5939768863093655,0.5723435280383887,0.3253501026481861,0.5966420143154353,0.5665933858352565,0.3922123113187041,0.2765159912059515,0.5672178943785718,0.609919086589344,0.4037446336120844,0.4947361857353722,0.2236485385679807
0.4187475700795697,0.5465139741684129,0.5641846640859851,0.3068373691889841,0.5676718616145636,0.5164699568383955,0.3732661793639674,0.2306363386009493,0.5185685365969556,0.5934448942314544,0.3389882050105882,0.4139126555879968,0.2050325844570553
0.4108440103732746,0.5509905906990054,0.5006013945227693,0.3431389837519863,0.5710018860662086,0.5455756755948328,0.3746825052767835,0.2534347090823811,0.5363181761189253,0.6161534943650645,0.3376296334839086,0.4229908478134951,0.2087580821131518
0.4415193295768708,0.5578223185293095,0.4802592738860584,0.4207523153958142,0.4782566476387369,0.6393863406081416,0.4963599980439726,0.2525861080442178,0.512369920432242,0.6272103564399453,0.3318440133145368,0.4490778604233703,0.2071493751963231
0.3920642074512768,0.5211336167488966,0.5751212014340251,0.396779857037197,0.5298856478776313,0.6423618259759956,0.3846678564200811,0.2944068617209254,0.5245044066176254,0.6248063590288326,0.3104674031162687,0.3547420407912644,0.2200742858690766
0.3930846807602872,0.5181446585923762,0.581959350239453,0.3683426042392556,0.545778438757743,0.603451676590373,0.4564454289606124,0.2310987289733838,0.5237485003254327,0.5886735622290789,0.3143827676639085,0.3828383667482981,0.1670732739456024
0.3902184274122654,0.5205448071952679,0.6002194243545722,0.388503180578337,0.5721198422125449,0.6394599038001202,0.4626312630927889,0.2712736284350781,0.5339936618508941,0.5833550893234329,0.3102060477831657,0.3983906705546215,0.1746017435417116
0.3637415711993046,0.5204511563118945,0.5942991550106704,0.402580633547667,0.6070166489128711,0.6337621329873463,0.5766011454097362,0.2349915619912165,0.4653937925357441,0.5912865201043506,0.3098718975728922,0.4694714514563154,0.177860916231128
0.4193316956535129,0.5848456684917748,0.6484993717764003,0.3086986947045375,0.6588470462963643,0.6346963168429353,0.6622783343785807,0.5004261263253943,0.6450247323145635,0.5657978762988736,0.343496668277062,0.5769476587458254,0.4660548806919088
0.4131660997584908,0.5450171925036581,0.6580435443292396,0.3235378536851899,0.6138220755767321,0.6882377939205804,0.66936290441652,0.4638078043723699,0.62300766912216,0.576454872765416,0.3486785483672078,0.4805208313110202,0.3894237851568683
0.3898949050857584,0.5032871816144463,0.707109257111833,0.3440722950643913,0.7071075389661723,0.6518024899658708,0.6518439451598066,0.3890393617635009,0.6333586509436339,0.5720707891522104,0.3323131316420458,0.4571541647971098,0.3799732893012772
0.43780117289997,0.4616545777626451,0.7071083073188454,0.2933760512018858,0.707107812585589,0.6972882304752726,0.6972861669224235,0.2704454760737583,0.5057851559991328,0.5794780273504706,0.3294560325832547,0.3312909212033175,0.1092251124606551
0.4773640343018824,0.606503260629685,0.5461189844389235,0.3890089038701412,0.5843449531230264,0.6253070049444581,0.4487859932520038,0.2899526830898312,0.6164065683011859,0.5695273002483384,0.3047406709249463,0.4451867714529929,0.2456265619864654
0.4711176622754005,0.5713408050333986,0.5045865970372201,0.3714476803216949,0.5735867692791538,0.5605586836162197,0.363563868708634,0.2871416418874143,0.6068944702885739,0.5407377330030867,0.3216200724622149,0.3978445151424326,0.2195262655984882
0.4515064998033044,0.5600675901593306,0.4819966817725247,0.4263184676025235,0.5359513883560199,0.5756664869898779,0.3921985675632204,0.3561619630931837,0.6053844388953388,0.5810281711399913,0.3241297136964819,0.3740148931025629,0.2729064263673585
0.4451993103519178,0.5595273180331798,0.5356240783468904,0.4156547791132396,0.5345884020021224,0.5184065509015424,0.3892578427005201,0.2958486535514382,0.6064202641343281,0.5560470519517662,0.3286457087020086,0.4162265449150265,0.2366802157307226
0.4336459805635007,0.5689251885332014,0.4940159996579677,0.4085573404036189,0.5374167090128684,0.5763955539522678,0.3750992200409836,0.2764784477414703,0.6028214816952325,0.56715075381759,0.3248646279694604,0.424202663004158,0.2118186640479636
0.4396188223793602,0.5683407364477345,0.5221019010436081,0.414643209591406,0.5353762657054288,0.5713317927936742,0.3855917390571073,0.2860864163893905,0.6069371135700359,0.564361186727058,0.3303316290855342,0.4460357647318045,0.2173705797104591
0.4225919726906071,0.5703202479208701,0.4352499461551276,0.4245692373945327,0.5007645734243956,0.542021761576241,0.355303848365128,0.2477518501184466,0.6275286945166759,0.5790476746926964,0.3387487102726527,0.4728332042843772,0.2355403209827339
0.4395225471934444,0.544804527206707,0.6777992847232648,0.3637207521850001,0.6752884246976342,0.5240965811963719,0.3807705128641125,0.3096745749718627,0.6315618544400845,0.5395257467112344,0.3329156040133388,0.3368307109920453,0.2747563131833527
0.4304592313068008,0.5255515810212064,0.6668650243250157,0.3086315984895583,0.6664342295378652,0.5003016832749241,0.4116110348738716,0.2822079254937155,0.6140350051731801,0.5110250643106571,0.3264901069545344,0.3026405836448826,0.1846439830340595
0.3768196228827439,0.4890112421209178,0.6855691515867905,0.3635062396710328,0.6805175571236676,0.5752510521528045,0.4047681954404218,0.2948985719996727,0.5964943425711318,0.5648118253111772,0.328381698713805,0.2800723464426204,0.1778580145667372
0.3838744423785674,0.4753670030133538,0.6426766545074563,0.3071814693190385,0.6887907356326217,0.5881804681029811,0.3177107288228757,0.3228012586611068,0.6135091923448482,0.5725353422526781,0.3349088136020364,0.2800403118803301,0.1722048828914942
0.4087915329924873,0.6069098496650452,0.6418578232060567,0.330996310917175,0.6508871337291718,0.5926132107635624,0.5285170478407312,0.3728013818679536,0.6076994326758706,0.5746121485316299,0.2918335424301383,0.3196990537755884,0.2937560992418948
0.4022589513076505,0.549876857787954,0.6813959508875899,0.4465157742755743,0.6926665183095925,0.5807106912834887,0.5901091095815577,0.4844467223761984,0.6371000693028004,0.5942109896709403,0.3146064471852848,0.3368976732154234,0.4319016996053498
0.4023708400482307,0.6084821810858762,0.681945967357499,0.3389639493562225,0.6962025543254925,0.4695327647575574,0.4283123930806594,0.282268109061781,0.5821871116745257,0.512476201432768,0.295542815648669,0.3373462939980634,0.2057483428441885
0.4027746688624466,0.6150710725903762,0.6205341499363465,0.3161849741216571,0.650260394571095,0.5731244896861564,0.3960692491544134,0.30149402339135,0.585942126757089,0.5018278280013762,0.3005404464913268,0.3479627364929789,0.1810506144613872
0.3982311832655457,0.6154019978200337,0.6498453817396073,0.3172490231154088,0.6811726272802493,0.6209684845889155,0.3915848932539671,0.2313060457386929,0.5894085770896097,0.5021661757378336,0.3001972956802832,0.359597123790437,0.1736831903473108
0.360388022692005,0.5757731781744242,0.6444508932218501,0.312089618647198,0.6651939191613677,0.5960307337791703,0.3992471937755368,0.2710165839607337,0.5748111556499351,0.4938248822751907,0.3210745972735427,0.3706209890426893,0.2107909716361218
0.352894679052077,0.5751008485000539,0.6644553227308314,0.272590409189981,0.6756336700794214,0.496765376870002,0.3301110036009771,0.190965986503518,0.5671983827735553,0.4884801572600102,0.3218770696709832,0.382826927309763,0.1523442167551648
0.3579647008186812,0.5775495869376499,0.6797201416237915,0.3517108830789703,0.6880079383336911,0.6236137463407587,0.3901799045343956,0.3240430754897523,0.5896571002939387,0.5276141943362403,0.3194670876363813,0.3955853662078027,0.2477404016047317
0.3460804954262301,0.584834612548281,0.67004981774855,0.2651851132042186,0.6853988049832513,0.574846337597044,0.3461186251576247,0.2265180448990951,0.5758628142237893,0.4744096756965895,0.3133604096273803,0.3899995682698384,0.1422529278907606
0.3530612196013575,0.5866190687197901,0.6765436318867337,0.2720561610100333,0.6851810484690861,0.5353288954643662,0.2787751351026201,0.2188890534935499,0.5815904179538233,0.4971102296109139,0.3158257946703235,0.4109262992571803,0.1572712681434079
0.3496284191904628,0.5873011137941087,0.6722183778300664,0.274282186075362,0.6838485196256545,0.5494782345465198,0.3204103045550067,0.1934285884012231,0.5842122530502311,0.4883081046242866,0.310049096429025,0.3796199805505589,0.1075586426591054
0.3548747949977704,0.5866894416846347,0.6641796264480219,0.3258335039329281,0.6756225540365984,0.5300076625342245,0.4976345279742993,0.1942365921302321,0.5883641795922655,0.491421297636623,0.3073780880112799,0.3350412155827248,0.1465925541965088
0.3561594404083908,0.5790479791804358,0.6388310714478624,0.2969587618553908,0.6691810263359524,0.5374714199708005,0.3518967410404018,0.2041972738960816,0.5933356328296634,0.4797689243401883,0.3090942540859543,0.3252992136880896,0.120514566693968
0.3710385914543017,0.5426726600131748,0.6683929772527485,0.4799300697136682,0.6693152484124019,0.6315372941911078,0.565415331936886,0.4195650570711484,0.6370571213698605,0.5708006485127971,0.3283385456584687,0.3028134639352272,0.3693580141773367
0.4399074224579878,0.5346150615347495,0.6189390740898653,0.5344049454998347,0.6506212407598635,0.661042565813348,0.6296710415459528,0.5645907199838813,0.6614182642275904,0.6058223276812502,0.3611716987085807,0.4047003798499985,0.4808844514466577
0.4441507641670902,0.5329372289291309,0.3715245987268421,0.4056280047596629,0.636427797776944,0.5945750343107777,0.5231632741620693,0.2290468584340393,0.6088721896954533,0.5121571243972525,0.3609548240065602,0.4234240392554542,0.2331691012326335
0.4770566742989281,0.5515189113863579,0.6640702790641088,0.4385578793002972,0.6754419724598261,0.6695603328710216,0.6481179726135173,0.4033746925586403,0.5972046167448529,0.5038566659889555,0.3465174033851588,0.422416245363577,0.2108037116432347
