,Glance-EA-50-5,Glance-EA-50-10,Glance-EA-50-15,Glance-EA-50-20,Glance-EA-50-25,Glance-EA-50-30,Glance-EA-50-35,Glance-EA-50-40,Glance-EA-50-45,Glance-EA-50-50,Glance-EA-50-55,Glance-EA-50-60,Glance-EA-50-65,Glance-EA-50-70,Glance-EA-50-75,Glance-EA-50-80,Glance-EA-50-85,Glance-EA-50-90,Glance-EA-50-95,Glance-EA-50-100
ambari-2.1.0,0.0231199142646694,0.0471160324369988,0.0710912054959977,0.0952129943483102,0.1193522374617315,0.1434914805751528,0.1678471565263227,0.1922796312263713,0.2167470144486373,0.2414413030653173,0.2651127719810237,0.2880267259646097,0.3071391418787068,0.3198039537392264,0.3250227778107469,0.3261189054083773,0.3261363596694861,0.3261363596694861,0.3261363596694861,0.3261363596694861
ambari-2.2.0,0.0237874427542952,0.0482760159220342,0.0727135977869774,0.0972977796474588,0.1219265788978867,0.1464055911963515,0.1710152687082309,0.1956568157843577,0.2204481498124476,0.2453637751411025,0.2692627613702638,0.2924892997938039,0.3120094078953658,0.3248496553306627,0.3300348334337225,0.3310132290561191,0.3310355377510923,0.3310355377510923,0.3310355377510923,0.3310355377510923
ambari-2.4.0,0.0227821603073365,0.0462007198537913,0.06940714632054,0.0928886464510835,0.1164633918913878,0.1402805751370706,0.1643215471261795,0.1885863078587147,0.2127205251575845,0.2370552198724404,0.2608724031181231,0.2842070418857931,0.3039913654843161,0.3169850993995002,0.3216730073477304,0.3224912349408825,0.3225798179851553,0.3226077915780836,0.3226077915780836,0.3226077915780836
ambari-2.5.0,0.0239773039260547,0.0485182658469013,0.0730051498789487,0.0975253126117956,0.1221328319342412,0.1467112323934873,0.171456026356731,0.1963526543923725,0.2211203274624158,0.2461521502200554,0.2703769644833065,0.2939674035125669,0.3137765501634816,0.3263579789845004,0.3302183082772448,0.3309296405068346,0.3310107573400334,0.3310336364468331,0.3310336364468331,0.3310336364468331
ambari-2.6.0,0.0243278848900754,0.0491613590074009,0.0739783911986369,0.0988981854279319,0.1238549739909281,0.1486165146816123,0.1734684859657884,0.198406777361934,0.2232793010537219,0.2483943431553289,0.2726646813040914,0.2963020052984106,0.3160384823280123,0.3279424368167609,0.3314589537591381,0.3321639013402225,0.3322420004891473,0.3322646081375203,0.3322646081375203,0.3322646081375203
ambari-2.7.0,0.0242470510623643,0.049014807961198,0.0737784158095419,0.0986789423240491,0.1234570718491073,0.1481791891925533,0.1730008837477543,0.1979574224438737,0.2228060858272584,0.2478891705633165,0.2723540467763952,0.2961612984868413,0.3157904563540634,0.3278953111580415,0.331249818479041,0.3319385608603471,0.3320671814255307,0.3321065974051838,0.3321065974051838,0.3321065974051838
amq-5.1.0,0.022185095342897,0.0456499970548389,0.0692112858573364,0.092724381114556,0.1161892828264978,0.13982018452773,0.1635367636427894,0.1873229556565835,0.2113929541036804,0.2358217267211789,0.2586279833143237,0.2795011432579907,0.2964813357108816,0.3058362383331459,0.3084065607479638,0.3091669477956807,0.309172302634045,0.309172302634045,0.309172302634045,0.309172302634045
amq-5.2.0,0.0226115916095039,0.046162640421513,0.069902574808629,0.0935878317924246,0.1173824435828611,0.1411223779699771,0.1649517844716174,0.1888905457798986,0.2128889551645292,0.2372701063724028,0.260239586440004,0.2813102694104781,0.2988815985684461,0.3092553931802366,0.3122079729595387,0.3129138085296749,0.312918779202704,0.312918779202704,0.312918779202704,0.312918779202704
amq-5.4.0,0.0228064310481551,0.0465380249716231,0.0703046040458383,0.0940595214031377,0.1178610856281,0.1416393264192309,0.165448665122137,0.1894173806228911,0.2134949388148586,0.237930122992241,0.2610669693530079,0.2824390092205308,0.3004680235722171,0.3101394741343118,0.3126778411829645,0.3132298291169748,0.3132687015066938,0.3132687015066938,0.3132687015066938,0.3132687015066938
amq-5.5.0,0.0230608892915276,0.0468951396100787,0.0707809473304313,0.0947735525259444,0.1187403790205566,0.1426335520840238,0.166570917206178,0.1906408585043934,0.2146776557585935,0.2391195468840916,0.2621841188471765,0.2836025366241686,0.3014634936768529,0.3110089783532566,0.3134726856250598,0.3139993076577472,0.3140324517017625,0.3140324517017625,0.3140324517017625,0.3140324517017625
amq-5.6.0,0.0234796515159973,0.0476686183784919,0.0717459337512601,0.0960432682361363,0.1202223834965962,0.1443325375428134,0.1684394077216856,0.192822122757529,0.2169486961404707,0.2415120238802833,0.2651427332941458,0.2871085219641467,0.3053701082691064,0.3148177946203685,0.3171329210985193,0.317609081863529,0.317641920536978,0.317641920536978,0.317641920536978,0.317641920536978
amq-5.7.0,0.0237352515720175,0.0480740529352528,0.0723013287935892,0.0967516556617234,0.1210937371868675,0.1453275733690215,0.1696237326274425,0.1940904603051206,0.2183538179444537,0.2429550322603923,0.266736206099133,0.2890281864312822,0.3076693465589461,0.3174212679137842,0.3197993852976583,0.3202848492601595,0.320307810393521,0.320307810393521,0.320307810393521,0.320307810393521
amq-5.8.0,0.0225388626412556,0.0459919483072181,0.0694548292198739,0.0932115675333283,0.1169356550244717,0.1403038485524257,0.163985489974565,0.1879805792908894,0.2120083194295248,0.2365258219028246,0.260246644311737,0.2823545160984879,0.3005997956058523,0.310522380506153,0.3129744572617061,0.313447894185215,0.3134674846786016,0.3134674846786016,0.3134674846786016,0.3134674846786016
amq-5.9.0,0.0225162406155491,0.0459761600324651,0.0694199757155694,0.0931182303928989,0.1168325888040401,0.1403086119547678,0.164022970365909,0.188156025856155,0.2121666929694318,0.2368086264481282,0.2605519715801305,0.2831712760920747,0.3017710886446131,0.3113656932496368,0.3137039553990988,0.3142031711472622,0.3142514823486974,0.3142547030954597,0.3142547030954597,0.3142547030954597
amq-5.10.0,0.0226677498172967,0.0462764606066689,0.069809894518275,0.0936946205261226,0.1174632946807476,0.1411315996650179,0.1650571006483221,0.1892711629963961,0.2133472177352324,0.2380003952036082,0.2618349366262785,0.2846657863454017,0.3035508730549552,0.3135815170172791,0.3160154693983809,0.3164984960307129,0.3165486806158903,0.3165518171524639,0.3165518171524639,0.3165518171524639
amq-5.11.0,0.0229126213592233,0.0465776699029126,0.0702730582524271,0.0942324029126213,0.1181462378640776,0.1419508495145631,0.1659557038834951,0.1902942961165048,0.2144660194174757,0.2392141990291262,0.2631614077669903,0.2859708737864078,0.3048574029126213,0.3149878640776699,0.3174696601941748,0.3178974514563106,0.3179217233009708,0.3179217233009708,0.3179217233009708,0.3179217233009708
amq-5.12.0,0.0230937560365233,0.0468996416287296,0.0706853454116656,0.0947189971370662,0.1186546229317249,0.1425124046049122,0.1666959783420355,0.1909343312757498,0.2151582686314138,0.2398608031783466,0.2638771562100869,0.2868209902348874,0.3058956831109971,0.3159635228213016,0.3183219113903248,0.3187803267723232,0.3188293397376941,0.3188322228533042,0.3188322228533042,0.3188322228533042
amq-5.14.0,0.0232304910037853,0.0472267328507111,0.0711550889845926,0.0953414108280427,0.1194354081017525,0.1434452270912872,0.1677374506470866,0.1920296742028859,0.2161969880466836,0.2408856641666621,0.264833028300196,0.2878517158792829,0.3071231120983202,0.3173521313398467,0.3195787827277022,0.3199535118637072,0.3199996741485774,0.3200023895770991,0.3200023895770991,0.3200023895770991
amq-5.15.0,0.0235778493370324,0.0478163833690085,0.0719394318648765,0.0962692800416822,0.1204782712620957,0.1446442911202365,0.1689284822246274,0.193312044604274,0.2175640071869603,0.2422832833343628,0.2662774177434126,0.289342296443314,0.3085639239299459,0.3188233366725663,0.3211088760034484,0.3214741325827668,0.3215197896551817,0.3215224753653237,0.3215224753653237,0.3215224753653237
bookkeeper-4.2.0,0.0247046324385904,0.0493964645494924,0.0741266976434596,0.0989721336866223,0.1237663684190315,0.148573403479129,0.1734828411607337,0.1984434801530919,0.2233657181623849,0.2483135568270547,0.2731973938532826,0.2977868233426776,0.3217106357922762,0.3436119964671095,0.3561435172740422,0.3562587202232377,0.3562587202232377,0.3562587202232377,0.3562587202232377,0.3562587202232377
bookkeeper-4.4.0,0.0245913980293423,0.0495173729026214,0.0748113823042307,0.099603526439935,0.1242451109958679,0.1491376281847533,0.1743312645331816,0.1995918162503973,0.2249527410207939,0.2503471234755842,0.2755742175084062,0.2997641233250246,0.3230339428208174,0.3437609783026916,0.352660722351406,0.352660722351406,0.352660722351406,0.352660722351406,0.352660722351406,0.352660722351406
calcite-1.8.0,0.0238483935033132,0.0476646506456194,0.0716672986817664,0.0954417785547635,0.1193640856883929,0.1433024610025259,0.1677164544595628,0.192310411538239,0.217273936768496,0.2424688437980036,0.2672716872232256,0.291884926118506,0.3149973969547584,0.3306638729456831,0.3379877496191841,0.3401473130788562,0.3406100766773574,0.3409089448347226,0.341207812992088,0.3414038447942308
calcite-1.11.0,0.0238058039475175,0.0477096371996703,0.0716563582726011,0.0955050500408966,0.119519166260764,0.143646628864116,0.1678659939405636,0.192459095740933,0.2174044903548354,0.2423223142268091,0.2672340112672432,0.2917689081679854,0.3150447411873187,0.3320558889573052,0.339680730808466,0.3421437170874268,0.3427809075675559,0.3430658052341522,0.3433507029007484,0.3435375712627093
calcite-1.13.0,0.0233614060783595,0.0469078224671895,0.0704850739077646,0.0937963730270384,0.1172310123532926,0.1408969145676347,0.16482491472181,0.1892616932297789,0.2139991134922623,0.2391450981903679,0.2636705274721039,0.2878066642255584,0.3103856308658868,0.3282044363930698,0.3396558037348956,0.3432789223149415,0.3437684287613945,0.3438493707722253,0.3439148952571836,0.3439148952571836
calcite-1.15.0,0.0234680952225404,0.0474043909219919,0.0711991376400518,0.0947906345386773,0.1182805065275857,0.1422313200712826,0.1662510933751447,0.1908697277541257,0.2158113841675649,0.2407929646526787,0.2653789338821078,0.2895075910178097,0.3123840840873538,0.3303281395745546,0.3417137589239374,0.3456045411816799,0.3461453308798176,0.3462215495621055,0.3462905093222707,0.3462905093222707
calcite-1.16.0,0.023420438819103,0.0472479126184383,0.0709869005525057,0.0944639703253802,0.1179162640559797,0.1418463814590257,0.1658720635965611,0.1902800046720537,0.2149675610817928,0.2398745624373962,0.2642754246436674,0.2885240911616778,0.31129681344702,0.3293302327886143,0.3409183417040962,0.3450382435909688,0.3455019095249725,0.3455762376517975,0.3456434869094011,0.3456434869094011
calcite-1.17.0,0.0238520039127619,0.0480691070911921,0.0722896546023173,0.0964240937960679,0.1205275339955637,0.1448789661490983,0.1692235096372429,0.1935542757946075,0.2183706928619649,0.2432801069120868,0.2678933083504402,0.2920001928826309,0.3147293443368282,0.3326192083545733,0.3443988261714175,0.3486697987131973,0.3491795599520549,0.3492587796040395,0.3493276662579392,0.3493276662579392
calcite-1.18.0,0.0240312854498776,0.0484373859799258,0.0728567543004225,0.0970472532356823,0.1213438944945303,0.1456703882818874,0.1700632210214872,0.1945854147179599,0.2193961828566879,0.2442633391048221,0.2687921666965192,0.2930191520555124,0.3154284501230587,0.3335787874566309,0.3453440006368539,0.3495697918947068,0.3501303560411566,0.3502132797314599,0.3503028373169874,0.3503061542645995
cassandra-0.8.6,0.0246117214977123,0.0493168165831491,0.074084160727069,0.098898191664851,0.1236188490149086,0.1484406610850011,0.1733869712720595,0.1984266550468424,0.2234507765570045,0.2485604905225808,0.2734445516511563,0.296647888200691,0.3139920321205142,0.3185984624482554,0.3191820473715335,0.3191820473715335,0.3191820473715335,0.3191820473715335,0.3191820473715335,0.3191820473715335
cassandra-1.0.9,0.0249385637571675,0.0499681441703831,0.0750887412396468,0.1002653485587862,0.125357940503112,0.1504225273225,0.1754381051732467,0.2004116753365866,0.2255182698433813,0.2508279015059756,0.2756404422009227,0.2985486344000952,0.3160028285176187,0.3207216920696487,0.3211207651000133,0.3211207651000133,0.3211207651000133,0.3211207651000133,0.3211207651000133,0.3211207651000133
cassandra-1.1.6,0.0246562152077754,0.0494689013931935,0.0743538049529082,0.0992567628561971,0.1241236120723377,0.1491228598080221,0.173917491649866,0.1988324857822044,0.2238678422050371,0.2488129269099991,0.2733247073691812,0.2961634519904914,0.3131826798663978,0.3161315559835104,0.316546805885716,0.3167333674359823,0.3169199289862486,0.3171064905365149,0.3172449071705834,0.3172449071705834
cassandra-1.1.11,0.0248063755752609,0.0498077048047214,0.0749153723910179,0.1000289476638053,0.1251129845041383,0.1501497598525441,0.175180627514459,0.2001996798033922,0.2253073473896887,0.2504091072894943,0.2749732677186287,0.2976587838436589,0.3147497208618133,0.3175735950044603,0.3179812253723319,0.3181643636535496,0.3183475019347673,0.318530640215985,0.3186665170052755,0.3186665170052755
cassandra-1.2.11,0.0249533427437308,0.050119840465341,0.0753005485188097,0.1004907301268508,0.1256430175166024,0.150866356565647,0.1759996968462537,0.2011756681224362,0.2262853245166118,0.2515323474520875,0.276201483558646,0.2985164413539604,0.3151425296285419,0.3179845960002652,0.3183398542967307,0.3184914311698892,0.3186430080430478,0.3187945849162064,0.3189272146802202,0.3189272146802202
flink-1.6.0,0.0243134220231822,0.0491290173867228,0.073891925711275,0.0987585616438356,0.1235511064278187,0.1482926106427818,0.1730900948366701,0.1979978925184404,0.2227723261327713,0.2478661749209694,0.272512183877766,0.2963217860906217,0.3151080084299262,0.3234638435194942,0.3256948103266596,0.3265559141201264,0.3270054004214963,0.3270663198103266,0.3271025421496312,0.3271025421496312
groovy-1.5.5,0.0240741251413286,0.0485067424096186,0.0730404728419233,0.0977764296022575,0.1223469284578404,0.1469633878425208,0.1716717682853965,0.1961227697653255,0.2204358896579617,0.2449880043019055,0.2692551636654441,0.2932005993252994,0.3123569478531837,0.3209239904769784,0.3233966669424298,0.3239849617148793,0.3241963801487282,0.3242423406778258,0.3242423406778258,0.3242423406778258
groovy-1.6.0,0.0241370765036995,0.0486777356887457,0.073317520444649,0.0978581796296951,0.1224554819980883,0.1470740255602365,0.171855418274507,0.1965306050200021,0.2211208269904768,0.2457110489609516,0.2701950649626509,0.2944241866392891,0.3135554218147059,0.3232343257691082,0.3262647360781676,0.3270860622366977,0.3275392077034729,0.327871986405636,0.3281693631182072,0.3284100966474316
groovy-1.7.3,0.0243486651656481,0.0490189771630749,0.0735734963010614,0.0981151495657767,0.1226246381473142,0.1470890961724027,0.1718173045995497,0.196449018977163,0.2209070440656159,0.2454165326471534,0.2698809906722418,0.2942167899646188,0.3139852042457381,0.325815374718559,0.3293470569314892,0.3299646188485043,0.3302541009971051,0.3305307172724349,0.330800900611129,0.3309938887101962
groovy-1.7.6,0.0244778418092647,0.0491639788170095,0.0738753637276003,0.0985678127110566,0.1232981335487821,0.1479211507994117,0.1725946638557335,0.1973376086448819,0.2220300576283382,0.246886617980294,0.271478075352366,0.2959811650644768,0.316122679559929,0.3280649376061201,0.331662763761685,0.3322371535514331,0.3325022565313169,0.3327736714869121,0.3330387744667958,0.3332281337381413
groovy-1.8.1,0.0237660277518483,0.0478699339705301,0.0721341892921159,0.0964328051357527,0.1208115955308414,0.1450586705914018,0.1695978100893946,0.1942343043998648,0.218630275055979,0.2432095018296978,0.2676741935299137,0.2920071698956012,0.3119820867145041,0.325044811847508,0.3289561846076315,0.3295574937435216,0.3298037441515528,0.3300442678059088,0.33029051821394,0.3304565940705192
groovy-1.8.7,0.024145407675629,0.0487878142425682,0.0734302208095074,0.0981327041655061,0.1228406490477829,0.1474612095096095,0.1721746159181645,0.1968060994325474,0.2213283524213676,0.2460144511985319,0.270449319766902,0.2949060344403847,0.3152884505103796,0.3283797289990661,0.332503181339057,0.3331312568610424,0.3333661024910021,0.3335954865946837,0.3338303322246435,0.3339887164867093
groovy-2.1.0,0.0242660733753965,0.0487936027151955,0.0733753965004365,0.0979374577600623,0.1224403214428422,0.14705664714791,0.1714657813340173,0.1961018395647004,0.2205751044590574,0.2450927675360488,0.2695265673791753,0.2939850328793208,0.3150100389224067,0.3290349315034704,0.3341209899808101,0.3348066952459412,0.3348066952459412,0.3348066952459412,0.3348066952459412,0.3348066952459412
groovy-2.1.6,0.0244431024574595,0.0491053600475323,0.0738065785500696,0.098580848763478,0.1232382362394927,0.1479832857685526,0.1726747640429738,0.197298060720582,0.2219116171700741,0.2465203035055081,0.2708221726552836,0.2953091061392658,0.3165330632043402,0.3306515238586888,0.3357846240758959,0.3364518297018516,0.3364518297018516,0.3364518297018516,0.3364518297018516,0.3364518297018516
groovy-2.4.4,0.024177510789111,0.0487057192603167,0.073328822398442,0.0979931840874021,0.1225791545297763,0.1472476420738198,0.1719285071831137,0.1966258757127414,0.2212531047059503,0.2461155074389167,0.2707427364321255,0.2955308737735895,0.317472171107462,0.3320653205376814,0.3372762755080991,0.3379281606112866,0.3379322864663701,0.3379322864663701,0.3379322864663701,0.3379322864663701
groovy-2.4.6,0.0242528966799512,0.048830040920863,0.0734728555538681,0.0982018625764957,0.1228446772095008,0.1475121182395409,0.172253438460686,0.1969537146867727,0.221641677714342,0.2464486683275803,0.2711079005586088,0.2959395175688821,0.3179473077191441,0.3326164315529816,0.3377715573323045,0.3384200524542257,0.3384241568537315,0.3384241568537315,0.3384241568537315,0.3384241568537315
groovy-2.4.8,0.0244022888114342,0.0491025149172713,0.0737904970247083,0.0985315364585459,0.123231762564383,0.1479156633390199,0.1726362961088573,0.1973610102114946,0.2220204229893314,0.2468594144103698,0.2714657698618061,0.2962353786252438,0.3181766237582545,0.3327347378559943,0.3380772024912455,0.338750622403252,0.338754703736052,0.338754703736052,0.338754703736052,0.338754703736052
groovy-2.5.0,0.0241397595402912,0.0485572778200628,0.0730252976888308,0.0975907134792348,0.1221741655514232,0.1466926870091877,0.1711859576724539,0.1958018750518543,0.2204358287130391,0.245228501653927,0.2698660625714688,0.2945865903852189,0.316453778420671,0.3315068591979626,0.3374624394431839,0.3392299950580588,0.3402869211706268,0.3413366327704811,0.3418993647621555,0.3418993647621555
groovy-2.5.5,0.0242319248961283,0.0487226303607113,0.0732061474761706,0.0978370257486665,0.1224103972281725,0.1469334502638124,0.1715391693143752,0.1961448883649381,0.2208404617795477,0.2456654254783846,0.2702855212271949,0.2950925140532225,0.3169486895639547,0.3320406285492474,0.3379063214342194,0.3396423077476027,0.3406954008942306,0.3417413056917348,0.3423019969233866,0.3423019969233866
hbase-0.94.5,0.0248004242225292,0.0499976552326189,0.0741992619393751,0.0992990949197909,0.1243772838936125,0.1491488494406828,0.1737580849382965,0.1990996093256809,0.2243184843423649,0.2495662180345077,0.2747850930511917,0.2999678947235519,0.3208868270968533,0.3326936326939934,0.338151529690166,0.3381948177033544,0.3381948177033544,0.3381948177033544,0.3381948177033544,0.3381948177033544
hbase-0.98.0,0.0248144499835825,0.04982390874256,0.0743050103921343,0.0992294653259396,0.1240772501429231,0.1488133632680137,0.1735394759430841,0.1985522681854016,0.223515058177618,0.2483945110863322,0.2733523008535384,0.2982934232040442,0.3211661191420281,0.3383985612685904,0.3402619784556971,0.3402619784556971,0.3402619784556971,0.3402619784556971,0.3402619784556971,0.3402619784556971
hbase-0.98.5,0.0248188032830202,0.0497867463375649,0.0742878170638593,0.099166600472384,0.1239724350796195,0.14863399316875,0.1733247307783961,0.1983494117894989,0.2233351867732475,0.2482382864488685,0.2732256825170903,0.2982600900350316,0.3212519311168785,0.3386591361889277,0.340664417682141,0.340682249611345,0.340682249611345,0.340682249611345,0.340682249611345,0.340682249611345
hbase-0.98.11,0.024784778282179,0.0496109232586536,0.074449325033438,0.0992632132116029,0.1240893581880775,0.1489292920626506,0.1737539049393365,0.1985754536164449,0.2234199837903842,0.2482721744632671,0.2731075120384741,0.2979520422124134,0.3211648861113622,0.3384423754287964,0.3402900877739969,0.3402900877739969,0.3402900877739969,0.3402900877739969,0.3402900877739969,0.3402900877739969
hive-1.2.0,0.0247294197077526,0.0495908858131646,0.0744305355572243,0.0992988910399055,0.1241339478657857,0.1489747458393902,0.1737833933857385,0.1986689723115927,0.2235040291374729,0.2483815704565131,0.2730168353415868,0.2976004298971416,0.3204984234808349,0.3322448117248015,0.3381398222081372,0.3394235428392961,0.3397737528504798,0.3397737528504798,0.3397737528504798,0.3397737528504798
hive-2.0.0,0.024621409117,0.0493564629152364,0.0741030737997002,0.0988650941324673,0.1235712552151351,0.1482620068494997,0.1730230640917478,0.1977841213339959,0.2225471047572819,0.2473322392625038,0.271930534207049,0.2964614128152676,0.3195900316278926,0.3319522615291566,0.337506404551951,0.3387959827568274,0.3391070609944487,0.3391070609944487,0.3391070609944487,0.3391070609944487
hive-2.1.0,0.0244794600180271,0.0491876493407985,0.0738397864228816,0.0985235658989016,0.1232163860589036,0.1479309038604624,0.1726110670628897,0.1973753086263494,0.2221368379846145,0.24696346026755,0.2716327746491989,0.2962026415070458,0.3193422721589424,0.3319748198869733,0.3377192704891281,0.3390889341123992,0.3393637709054516,0.3393637709054516,0.3393637709054516,0.3393637709054516
ignite-1.4.0,0.0238437752644168,0.0483793267267317,0.0730982405547545,0.0978538268559188,0.1225010626682558,0.1471382968970087,0.171947224977288,0.1971162100665938,0.2223318692126253,0.247640876472108,0.2723281186187813,0.2941932472641501,0.3025912436135721,0.3047765896266909,0.3052650002917128,0.3053900200865137,0.3054750335469782,0.3055600470074428,0.3056050541335711,0.3056050541335711
ignite-1.6.0,0.0239012823643279,0.0485012605944357,0.0733115830536098,0.0981454405314207,0.1228013144307908,0.147479252410133,0.1724425524904462,0.1976029583518426,0.2227574804585798,0.2479605435412554,0.2726590746619047,0.2947275674498925,0.3035502575613602,0.3059111141183634,0.3063788726137697,0.3064877220749649,0.3065627399468697,0.3066377578187744,0.3066760022240593,0.3066760022240593
log4j2-2.1,0.0234269986558279,0.0478013185687768,0.0720220188184087,0.0960250912116751,0.1202841963771362,0.1441976573001344,0.1686359854061319,0.1934327593932023,0.218011905523907,0.2428726877040261,0.2673366190872431,0.2900851308967548,0.3084810855789541,0.3200281636049414,0.3241630928758881,0.3252000256032772,0.3254816616526915,0.3254816616526915,0.3254816616526915,0.3254816616526915
log4j2-2.2,0.023490146622336,0.0479611724691405,0.0722665953299958,0.0962662896014063,0.1206481446096228,0.1446351001898065,0.1691443421102915,0.1940612221500363,0.2187615444389243,0.2436529470962153,0.2681749277079273,0.2909899236952395,0.3094865033566451,0.3211551445204519,0.3253716513165437,0.3265308722181883,0.3268238621164062,0.3268238621164062,0.3268238621164062,0.3268238621164062
log4j2-2.3,0.0235647336352512,0.048075588802967,0.0723341448953589,0.0965043963113875,0.1207629524037794,0.144870129050977,0.1693557543111604,0.1942829029531606,0.2189451375660708,0.2439227460231358,0.2684336011908516,0.2911152880624692,0.309394356069685,0.3209244238119867,0.3249485940634027,0.3260965548561264,0.3263866987927489,0.3263866987927489,0.3263866987927489,0.3263866987927489
log4j2-2.4,0.0232251167255749,0.0474538552166513,0.0713553257407165,0.0956604267574289,0.119790984858402,0.1436924553824671,0.1681611903826853,0.1927826504341755,0.2173168390277959,0.2422328402495963,0.2665924859274774,0.2901557795522974,0.3079046122965484,0.3186499105467557,0.3222825849805821,0.3234062050006545,0.3236680193742636,0.3236680193742636,0.3236680193742636,0.3236680193742636
log4j2-2.5,0.0231996847601221,0.0471677667224903,0.0712540636390503,0.0956556004334548,0.1198601123042064,0.1441434341444192,0.1688306570781204,0.1935474337503694,0.2183528716382622,0.2433750369421732,0.2672741601812629,0.2898630676780612,0.3071618559747808,0.3178307555905822,0.3218402127869175,0.3229731060979214,0.3232489409910353,0.3232489409910353,0.3232489409910353,0.3232489409910353
log4j2-2.6,0.023221928027843,0.0471515878170221,0.0710229638140913,0.0953189788679622,0.1196649514579274,0.1439942715358612,0.1686066843183294,0.1933772959650963,0.2182228439160047,0.2431932857071489,0.2673560806647683,0.2907278813008942,0.3099615326972074,0.3209521906379577,0.3251236449018334,0.3264891508884115,0.3272052089057634,0.3275632379144394,0.3277797205708481,0.3277797205708481
log4j2-2.7,0.0232217829671171,0.0470181729030676,0.0707915785602647,0.0948714412675063,0.1192500995985412,0.1433069780270295,0.1678312034568355,0.1924703502804082,0.2171631270877386,0.2420321166988446,0.266096656553584,0.2892877938156967,0.308786123624774,0.3201710030339248,0.3240323618644847,0.3252198829334068,0.3258634427385002,0.3261928840672979,0.3263920811498269,0.3263920811498269
log4j2-2.8,0.023806397011615,0.0482402381369287,0.0726230082297321,0.097027665907897,0.1217606373664857,0.1461507033210763,0.1707304616821339,0.1955290958968073,0.2201599252903752,0.2451701394968773,0.2694434716628728,0.2933155314305726,0.3132405299714002,0.324986867448783,0.329116325220335,0.330130450008755,0.3305390182688379,0.3308381486021128,0.3310278410085799,0.3310278410085799
log4j2-2.9,0.0239874437468748,0.0484263014611922,0.0728165453636313,0.097359575531974,0.1222498472137341,0.1467859325518084,0.1713845213622979,0.1961845102505695,0.220845602533474,0.2459442191232846,0.2703275181954553,0.2943357964331352,0.3144063559086616,0.3264625812545141,0.3309558864381354,0.3313934107450414,0.3313934107450414,0.3313934107450414,0.3313934107450414,0.3313934107450414
log4j2-2.10,0.023975372236682,0.0484128548225972,0.0727755842637834,0.0973557773987264,0.122167025708286,0.1466860571793599,0.1712254758717236,0.1960367241812831,0.2206644874992354,0.2457611569068508,0.270191843752336,0.2942147861720274,0.314466092653125,0.3266168765417836,0.3314350565065816,0.3322709325794592,0.3322709325794592,0.3322709325794592,0.3322709325794592,0.3322709325794592
mahout-0.4,0.0232893685703572,0.0470433832759998,0.0706343642499633,0.0944943508811973,0.118403247631935,0.1423365994424246,0.1663596198053377,0.190692404258441,0.2151148572639679,0.2396432821950861,0.2634869654531522,0.2868170924564292,0.3073104325284901,0.3208340805712702,0.3274124916445212,0.3294585649770937,0.3297438740075321,0.3298743009928754,0.3298824526794593,0.3298824526794593
mahout-0.5,0.0234120223898758,0.0476839458100105,0.0717287255617749,0.0961791190070576,0.1203618074146183,0.1447473026689381,0.1690841242800357,0.1936724263811146,0.2180822584570455,0.2429707146913279,0.2671290662772775,0.2909223655390606,0.3121846353532895,0.3267948405938184,0.3343717043887401,0.3370325302182201,0.3376166139368865,0.3377464103188123,0.3377545225926827,0.3377545225926827
mahout-0.6,0.0233913219874229,0.0475590903685672,0.0716149385488146,0.0957127568043984,0.1198595401478745,0.1440133185039067,0.1681251267846026,0.1926286557684371,0.2168104141746934,0.2415167985226533,0.265593631740569,0.2894606145818031,0.311222098643667,0.3265271861162991,0.3338649542875929,0.3364531089333305,0.3369777348750341,0.3370896550759308,0.3370966500884869,0.3370966500884869
mahout-0.7,0.0237114262517736,0.0481360922052005,0.0724621186254201,0.0968260833276425,0.1213342135014758,0.1456450646088942,0.1700242046239178,0.1946082113617566,0.2190328773151836,0.2438521014014401,0.268155364852458,0.2923751640830697,0.314212439203903,0.3297367841994643,0.3372485640360262,0.3394186337665885,0.3397752536174152,0.3397752536174152,0.3397752536174152,0.3397752536174152
mahout-0.8,0.023975923083138,0.0485914734319032,0.0731598933505696,0.0978831703967035,0.1225256524198109,0.1470738735827206,0.1717365543615846,0.1965675581050874,0.2211494438609248,0.2460679755460397,0.2704411408257251,0.2944035980716921,0.3160499313242304,0.3310104764213191,0.3380329105060461,0.3402076432091783,0.3405644878942124,0.3406520158358245,0.3406991462659233,0.3406991462659233
mng-3.1.0,0.0243519159551203,0.0492862558929219,0.0742755414894669,0.099078011846284,0.123517840855394,0.1483532786074572,0.1732986076770074,0.1981670128243167,0.2230024505763799,0.2456950076374465,0.26131056385235,0.2666622710139671,0.2676842602665963,0.2677941515840833,0.2679040429015703,0.2680029450873086,0.2680029450873086,0.2680029450873086,0.2680029450873086,0.2680029450873086
mng-3.2.0,0.0243509341285852,0.0492391018331725,0.0742369090430664,0.0989935093412858,0.1236404701341987,0.1484738180861328,0.1734935531970879,0.1982062976931848,0.2230835014472414,0.2457350232435751,0.2613257608981668,0.2666432769055346,0.2675971406017016,0.2677067801070081,0.2678164196123147,0.2679150951670906,0.2679150951670906,0.2679150951670906,0.2679150951670906,0.2679150951670906
mng-3.3.0,0.0243331151296947,0.0491571884461173,0.0742165125603469,0.0988462482611897,0.1236191800998281,0.148422796825137,0.1733286965060142,0.1981732264135504,0.222997299729973,0.2463280418950986,0.2629694787660584,0.2691473692823828,0.2703645364536454,0.2704872760003273,0.2705895589558956,0.270681613615907,0.270681613615907,0.270681613615907,0.270681613615907,0.270681613615907
mng-3.5.0,0.0244393213209569,0.0494347711783858,0.0745818924548524,0.0995874537402172,0.1245424578859026,0.1495075734595239,0.1744726890331452,0.1993670246112156,0.2243523630407086,0.2478310987077595,0.2646969605047625,0.2707435944104026,0.2720479686141276,0.2721794171772937,0.2722805314566523,0.272371534308075,0.2723917571639467,0.2723917571639467,0.2723917571639467,0.2723917571639467
mng-3.6.0,0.0244925264345551,0.0494942737611454,0.0746557766617075,0.0997573712220303,0.1248290116122332,0.1497109422583447,0.1747626132018012,0.1996944674647789,0.2246762453446227,0.248300100845706,0.2653839625373179,0.2715245674118599,0.2727926272802612,0.2729224286841133,0.2730222759178456,0.2731121384282048,0.2731321078749513,0.2731321078749513,0.2731321078749513,0.2731321078749513
nifi-1.2.0,0.0238018529908522,0.0481431040037489,0.0725624578976657,0.0970184225170606,0.1214280135508498,0.1459449960460416,0.1705107928418709,0.1952498804049634,0.220006052973279,0.2448696170029972,0.269130324419842,0.2927881752238135,0.3156161829169474,0.3339532749514298,0.3433158578137051,0.3463496665983266,0.3465888566714504,0.3466205859668648,0.3466205859668648,0.3466205859668648
nifi-1.5.0,0.0239921361633232,0.0484902177010668,0.0729717785735231,0.0975380078555763,0.1220691307238942,0.1466911172512917,0.1713688610240334,0.1961849653685554,0.220965963299342,0.2459328187146096,0.2703875335059743,0.2943879300019412,0.3175499027345831,0.3363338991661194,0.346349552496479,0.3500749625187406,0.350351683662301,0.350351683662301,0.350351683662301,0.350351683662301
nifi-1.8.0,0.0241776768077989,0.0488747818491285,0.0735251563227356,0.0982851678975378,0.1229876649274508,0.1476739859916136,0.1724106322825545,0.1972641049928017,0.2220277112266594,0.2470681062077964,0.2715998569325696,0.2957631551041462,0.3189828552736344,0.3380615082110999,0.3485633046419629,0.352794218350375,0.3531500895968769,0.3531680628921548,0.3531680628921548,0.3531680628921548
nutch-1.3,0.0242050414180101,0.048632760309967,0.0733054244232653,0.0979112852943796,0.1226730203972566,0.1470784715418188,0.1717956711499065,0.1966019417475728,0.2214527478400285,0.2467266411329829,0.2713102342567026,0.2962723790861316,0.3182506457646744,0.3352854725215997,0.3426115614144473,0.3443261779638372,0.3444152489534158,0.3444152489534158,0.3444152489534158,0.3444152489534158
nutch-1.4,0.0243957329972543,0.0490390241706801,0.0737498312103344,0.0985956699824458,0.1235315299095287,0.1482873475266687,0.173155691587523,0.1981365620920916,0.2230949273079173,0.2485033982986001,0.2732817212044831,0.2983076022865373,0.3210379439168204,0.3387271008687041,0.3459287932664176,0.3476617004996174,0.3477517216545888,0.3477517216545888,0.3477517216545888,0.3477517216545888
nutch-1.5,0.0244750627283532,0.0490821851476867,0.0740854866399612,0.0988686886472685,0.1237399304485627,0.1485891623013602,0.173570453845138,0.1985517453889158,0.2235550468811903,0.2489105075494123,0.2737597394022098,0.298785050842981,0.3214552977946031,0.3390412466434828,0.3458203107804727,0.3476251265572038,0.3477131663511907,0.3477131663511907,0.3477131663511907,0.3477131663511907
nutch-1.6,0.0243891891891891,0.0487351351351351,0.0733837837837837,0.0981837837837837,0.122681081081081,0.1472,0.1720648648648648,0.1968,0.2216864864864864,0.2469405405405405,0.2715891891891892,0.2963675675675675,0.3188108108108108,0.3366702702702702,0.3435027027027027,0.3449945945945946,0.3449945945945946,0.3449945945945946,0.3449945945945946,0.3449945945945946
nutch-1.7,0.024466723549488,0.0491254266211604,0.0741254266211604,0.0989974402730375,0.1236348122866894,0.1485068259385665,0.1734001706484641,0.198485494880546,0.2235921501706484,0.249018771331058,0.2738694539249147,0.2988907849829351,0.3212030716723549,0.3399744027303754,0.3471203071672355,0.3488907849829351,0.348976109215017,0.348976109215017,0.348976109215017,0.348976109215017
nutch-1.8,0.024158110669138,0.0485869587854301,0.0733073703063498,0.0979028260824291,0.1222483703688277,0.1468854780598538,0.1714184559635129,0.1962846491867463,0.2210883645375596,0.2462877730803673,0.2708415769414999,0.2955203365474728,0.3176583293416914,0.3366932544723743,0.3443780327800571,0.346169065122769,0.3462523689526626,0.3462523689526626,0.3462523689526626,0.3462523689526626
nutch-1.9,0.0243285939968404,0.0489942074776198,0.0739336492890995,0.0986835176408636,0.1234333859926277,0.1483096366508688,0.1728909952606635,0.1979357556608741,0.2228120063191153,0.2482359136387572,0.2728593996840442,0.2976724591890469,0.3199368088467614,0.3391047919957872,0.3467930489731438,0.3486887835703001,0.3487730384412849,0.3487730384412849,0.3487730384412849,0.3487730384412849
nutch-1.10,0.0240351450459281,0.0486148930762807,0.0730312602113059,0.0979740768979414,0.1225538249282939,0.1471517263914606,0.1718767018843263,0.19685582543659,0.2216715680935264,0.2467596122426751,0.2713393602730276,0.2962640235268489,0.3186290527538757,0.337926151835312,0.3476382383908797,0.3497077297316923,0.3498529571942054,0.3498529571942054,0.3498529571942054,0.3498529571942054
nutch-1.12,0.0236703682057276,0.0481881940385739,0.0725891291642314,0.0974722384570426,0.1219608416130917,0.1464202220923436,0.1711133839859731,0.1961133839859731,0.2209088252483927,0.2461133839859731,0.2709672706019871,0.2958065458796026,0.318614845119813,0.3378872004675628,0.3474722384570426,0.3495032144944477,0.3495762711864407,0.3495762711864407,0.3495762711864407,0.3495762711864407
nutch-1.13,0.0239700481983015,0.0484851962359421,0.0727564838191416,0.0976732843699793,0.122274500803305,0.1468326830387881,0.1713621758090429,0.1963937342207941,0.2211814321781042,0.2464711957769107,0.2711871700711499,0.2960752811567592,0.318969474408997,0.3383061739729171,0.3482757631397751,0.3503844388340601,0.3504561624971311,0.3504561624971311,0.3504561624971311,0.3504561624971311
nutch-1.14,0.0239190050137115,0.0484612614609013,0.0728927176532506,0.0977673748649621,0.1224065815351375,0.1470596382371679,0.1717403950029085,0.19661505221462,0.2213512091077809,0.2464336167973186,0.2711559236586244,0.2961136810614664,0.3189800836541924,0.3384947785379906,0.3486053017921941,0.3511260075898174,0.3511952577490928,0.3511952577490928,0.3511952577490928,0.3511952577490928
nutch-1.15,0.0240943489454658,0.0488648479962551,0.0734533066340727,0.098223805684862,0.1229292903024471,0.1475307518269055,0.1722622422177723,0.1971887759082516,0.2219462720724,0.2470028346292877,0.2716172990403869,0.2965308298442254,0.3196369594049879,0.3397264192650768,0.3501807401243076,0.3528983434322419,0.3529633578654461,0.3529633578654461,0.3529633578654461,0.3529633578654461
storm-0.9.3,0.0250654880879961,0.050379272244224,0.0756558119902171,0.1010813293771493,0.1264696023538467,0.151708897689605,0.1771095854697141,0.2025226880532346,0.2277868129958162,0.2533240636134526,0.2785757737526226,0.3033184769519175,0.3216303119840097,0.3270059218612273,0.3272790475362823,0.3272790475362823,0.3272790475362823,0.3272790475362823,0.3272790475362823,0.3272790475362823
storm-1.0.0,0.024875147119636,0.049963873324881,0.0750480552942619,0.1001140603201868,0.1251300787516075,0.1501551856547562,0.1751712040861769,0.2003462707728382,0.2254940720443153,0.2507827446275771,0.2758805593045501,0.3008465911414666,0.3222499420609927,0.3293798481316374,0.3306885880604747,0.330779472777755,0.330779472777755,0.330779472777755,0.330779472777755,0.330779472777755
storm-1.0.3,0.0249266924754681,0.0500924080294681,0.0752367822371706,0.1003982295219111,0.1255169941140567,0.1506400269754617,0.1757289136827907,0.2009501167371642,0.2260688813293097,0.2513498401533162,0.2764387268606453,0.3013910289516704,0.3228903012117616,0.3303939185699591,0.3317939108870744,0.3318664714644859,0.3318664714644859,0.3318664714644859,0.3318664714644859,0.3318664714644859
storm-1.0.5,0.0248594723894579,0.0499653726371604,0.0750500291039798,0.1001346855707991,0.1251853519882054,0.150244515917965,0.1752654410421349,0.2004180776077803,0.2254475002443035,0.2506426243717152,0.2756550519835318,0.3005357681538729,0.3220387231637938,0.3297289718434928,0.3311268126256038,0.3312032902367832,0.3312032902367832,0.3312032902367832,0.3312032902367832,0.3312032902367832
tika-0.8,0.0239332283042268,0.0483357355948111,0.0723024838266349,0.0960010726376831,0.1196326215935373,0.143666409680555,0.167532598129588,0.1920021452753662,0.2164046525659504,0.2412429189152951,0.2653102269299098,0.2895451345825093,0.3109978882445613,0.3218918647135722,0.3248416183421044,0.3250427379076861,0.3250427379076861,0.3250427379076861,0.3250427379076861,0.3250427379076861
tika-0.9,0.0238226299694189,0.0477981651376146,0.0710703363914373,0.0944954128440367,0.1176452599388379,0.1413149847094801,0.1652599388379204,0.189571865443425,0.214006116207951,0.2392354740061162,0.2635168195718654,0.2874617737003058,0.3090214067278287,0.3200305810397553,0.3228134556574923,0.3229969418960244,0.3229969418960244,0.3229969418960244,0.3229969418960244,0.3229969418960244
tika-0.10,0.0237593451205714,0.047651795816048,0.0712780353617144,0.0950151962198016,0.118308671828205,0.1419792798988397,0.1652727555072431,0.188854626527941,0.2129911041107438,0.2375712669432304,0.2620183242008119,0.2857998535838676,0.306342480644231,0.3173680590988753,0.3220045699580717,0.3230028617698605,0.3230028617698605,0.3230028617698605,0.3230028617698605,0.3230028617698605
tika-1.1,0.0239263678755421,0.0480360015475778,0.0722067238184446,0.0962552688916491,0.1201816367671913,0.1443319961717811,0.1681158239833839,0.1923679977193589,0.2168645258506587,0.2416461341098373,0.2659797593109206,0.2899264900527398,0.3107780651204463,0.3218351015088884,0.3262538434910098,0.3268036408804903,0.3268036408804903,0.3268036408804903,0.3268036408804903,0.3268036408804903
tika-1.3,0.0237717628815112,0.0477902304927045,0.0722492422640445,0.0963381969408613,0.1204623951504898,0.1448156763233946,0.168957496299429,0.1933636427715514,0.2178226545428913,0.2427926975400014,0.2674631705082117,0.2918164516811165,0.3125044054416014,0.3236766053429196,0.3287340523014027,0.3299675759498132,0.3299851977162191,0.3299851977162191,0.3299851977162191,0.3299851977162191
tika-1.5,0.0240040090202956,0.0483421030652301,0.0729808736323394,0.097001586903867,0.1213897937024972,0.1457278877474317,0.1697486010189593,0.1941702163200534,0.2186085358723795,0.2434143489518082,0.2675854004844233,0.2914891839973273,0.3119853002589159,0.323360895347866,0.3284055792199115,0.3294245385450597,0.3294412427962916,0.3294412427962916,0.3294412427962916,0.3294412427962916
tika-1.7,0.0239741613447845,0.048418116420759,0.0729795199295309,0.0976436908170006,0.1221463701093738,0.1467518167804448,0.1711957718564193,0.1957865374733906,0.2204213462526609,0.2451882845188284,0.269720325919401,0.2939147030756808,0.3152315936284225,0.3281509212361447,0.3337590839022242,0.335300594582691,0.3355208103941863,0.3357263451515819,0.3357850693679806,0.3357850693679806
tika-1.10,0.0237840229108943,0.0477543132552562,0.0718293790309436,0.0959859368087732,0.1203986123076206,0.1446948706605509,0.1689212787259307,0.192623809634683,0.2170714102773056,0.24153065263452,0.2653146755454143,0.2891801904584507,0.3102866190132483,0.3242683182379101,0.3305199189736664,0.3320566252997741,0.33223125101865,0.3323942350229342,0.3324408018813011,0.3324408018813011
tika-1.13,0.0236966311596085,0.0477071966744609,0.0717394128345024,0.0958365809301117,0.120128604832424,0.1443232008313847,0.1685935740885078,0.1921278254091972,0.2164523252792933,0.240787650471984,0.2645925348575387,0.2881267861782281,0.3086840737853988,0.3225946133194769,0.3289815536502988,0.33048627349095,0.3306594786524638,0.3308110331687884,0.3308543344591669,0.3308543344591669
tika-1.15,0.0240301473814624,0.0483442170198487,0.0726927014772561,0.0972046563250135,0.1214240852110919,0.1457897770780098,0.1701210541259066,0.1945297645166008,0.2189728897263161,0.2438462001737948,0.2682377031549785,0.2919925319842724,0.3128651197205516,0.3275946622615698,0.3345034371800497,0.3360090855122216,0.3362327818358585,0.3363532337024322,0.3363876485214533,0.3363876485214533
tika-1.17,0.0239683218818949,0.0484148356949303,0.0727103415297108,0.0970226260287418,0.1214439718454013,0.1457394776801819,0.170085319507714,0.1942885426891165,0.2188189498234045,0.2436765409105781,0.2679468787489828,0.291579627345867,0.3126368509802935,0.3278215421270312,0.3351873757330179,0.3367813488368191,0.3369994714720761,0.3371169221218298,0.3371504794503309,0.3371504794503309
ww-2.0.5,0.0230616885498422,0.0470622753612557,0.07071077532458,0.0948433947040269,0.1189320032274627,0.1433286877429766,0.1679600968238832,0.1930316144649013,0.2176190126897968,0.2429545954668818,0.267160566273014,0.2883444582997139,0.3030294139221008,0.3108046651507372,0.3127558131005648,0.3129905376659576,0.3129905376659576,0.3129905376659576,0.3129905376659576,0.3129905376659576
ww-2.0.10,0.0223997737396591,0.0453510570600297,0.0677649720709891,0.0899243441985434,0.1118998797991939,0.1349218694760659,0.1587923354309552,0.1831436046100544,0.2072827547196493,0.2318320016969525,0.2555186311249381,0.2764759951919677,0.2918616983666832,0.3002616135190553,0.3023262391288976,0.3024817931132009,0.3024817931132009,0.3024817931132009,0.3024817931132009,0.3024817931132009
ww-2.1.1,0.0227974384900572,0.0466734074823053,0.0704010785305021,0.094479271991911,0.1185170205594876,0.1428648466464442,0.1673205257836198,0.192288506909336,0.2168924839905628,0.2419683181664981,0.2662082912032356,0.2882777216043141,0.3043208628244017,0.3130030333670374,0.3150792045837546,0.3153758004718571,0.3153758004718571,0.3153758004718571,0.3153758004718571,0.3153758004718571
ww-2.1.3,0.0230905647175206,0.0472307005585648,0.0711536837533628,0.0956557406714842,0.1199527089792619,0.1442617413229421,0.1689326947436995,0.1939414411697289,0.2185400103750708,0.2436090769806131,0.2677492128216573,0.289235260764136,0.3051356600837244,0.3137011255745497,0.3154142186727148,0.3156796274625713,0.3156916914984739,0.3156916914984739,0.3156916914984739,0.3156916914984739
ww-2.1.7,0.0232044960866117,0.0473284372880966,0.0713949131699019,0.0959785769288234,0.1201829695778597,0.1446057304416784,0.1691204358169844,0.1940603845579193,0.2185750899332253,0.2434920525462883,0.2676504729395809,0.2892459400751646,0.3054626532887402,0.3141629026882276,0.3159328345343585,0.3161856819409486,0.3161971750048845,0.3161971750048845,0.3161971750048845,0.3161971750048845
ww-2.2.0,0.0239337362790769,0.0482862741651112,0.072706027123867,0.0972343582770191,0.1217109855280778,0.1462444870714392,0.1707159439322885,0.1955803504490484,0.2200414665294789,0.244745590949749,0.2689119947882467,0.2912946140045189,0.3094737059805904,0.3203780589321076,0.3248090833415198,0.3261068512840664,0.3267066165483509,0.3269703064490277,0.3271047365944707,0.3271047365944707
ww-2.2.2,0.0239730756837211,0.0484013687209415,0.0728398913616113,0.0973755952350507,0.1219061843067653,0.1465288398095247,0.1710082808639923,0.1958048396253919,0.2203456583005559,0.2451473318636803,0.2692482775905192,0.2916869127568269,0.3098137700692032,0.3205906573031696,0.32500984599332,0.3262936612262225,0.326886978226289,0.3271478331142493,0.3272808179590918,0.3272808179590918
ww-2.3.1,0.0239444212753405,0.0483211441242587,0.0727487259818331,0.0972932835593168,0.121898871947188,0.1464383436238061,0.1710388461108116,0.1959139872445606,0.2204331153177162,0.2452777410462715,0.2695120586709524,0.2919713968935317,0.3100365167682151,0.3206457059738991,0.3250297525200639,0.3262757982321408,0.3268657627325528,0.3271251436766995,0.3272573770992056,0.3272573770992056
ww-2.3.4,0.024062714395254,0.0485340409217482,0.0730659025787965,0.0976280318011219,0.1222809637192784,0.146868315912668,0.1715969167440171,0.196522256749667,0.2211751886678235,0.2460399935429194,0.2702288227934944,0.2929345413454942,0.3112262399612575,0.3219460026635457,0.3263398442229307,0.3276009927761411,0.3282113886758949,0.3284686629807498,0.3285998224302837,0.3285998224302837
ww-2.3.10,0.0241503222050468,0.0487071647963383,0.0733342701704374,0.0979814506253387,0.1226587437014434,0.1473711681689518,0.1720133298536526,0.1968913737377793,0.2215686668138839,0.2464065605364061,0.2706723144560657,0.2933621745327525,0.3116555919137574,0.322491116776745,0.3268925782426274,0.3281673458735671,0.3288498986208419,0.32910585590107,0.3292363439262843,0.3292363439262843
ww-2.3.15,0.0241273406750685,0.0487019441020951,0.0732964258736532,0.0979406035065399,0.1225897507255595,0.1472339283584463,0.1718681668190673,0.1967310062418001,0.221335427185624,0.2461932970222239,0.2704846340396771,0.2931111597026199,0.3114588717051644,0.3223323261638771,0.3266558660994712,0.3279231105633522,0.3285989742774222,0.3288524231701983,0.3289816324096529,0.3289816324096529
ww-2.3.17,0.0241294631894307,0.0487205932910957,0.0733657482441923,0.0980845734492412,0.1227248170522076,0.147296301753352,0.1719660134570993,0.1967977997151417,0.2213643730661559,0.2461617798732871,0.270423849516232,0.2931044644172683,0.311271548548696,0.322214036638672,0.3265360247532046,0.3277835076862629,0.3284612740042237,0.3287854231128137,0.3289131182161976,0.3289131182161976
ww-2.3.20,0.0241514614530796,0.0487702763227075,0.073496193016961,0.0982221097112145,0.1228993437579109,0.1475181586275388,0.1722099974685023,0.1970527525168929,0.2216813039160321,0.2465289272291784,0.2708361731544408,0.2935028138570288,0.3116614413958288,0.322537144860086,0.3267822717270656,0.3280236792397717,0.3287052363055712,0.3290314100442038,0.3291579849278523,0.3291579849278523
ww-2.3.24,0.024119394882384,0.0486459499677664,0.0732791422491723,0.0979026402400306,0.1225406796667103,0.1470817761879141,0.1716519555807607,0.1963869379129162,0.2209425758699414,0.2457405710906561,0.2699956860407063,0.2925785358712986,0.3106196105803487,0.3215062988652833,0.3257378566893028,0.3269787258793933,0.3276573262177241,0.3279869320963418,0.3281129578734604,0.3281129578734604
zookeeper-3.5.1,0.0238098960368951,0.0478542953177518,0.0720550300945829,0.0964433674665832,0.1207535370905964,0.1453451106073634,0.1699210505745329,0.1949347299304307,0.2197764402407566,0.244524349253498,0.2690377550222778,0.2933948252950832,0.3174861252247323,0.335042601422653,0.3427343078245916,0.3442663956851403,0.344579066677089,0.344579066677089,0.344579066677089,0.344579066677089
zookeeper-3.5.2,0.0240192031312112,0.0483747668409626,0.0727456196679203,0.0972693636669418,0.1217625294315506,0.1465156101886677,0.1712075344769593,0.1961746628749656,0.2210959239213527,0.2458184264440571,0.2702810139742531,0.2948506253248937,0.3188698284561049,0.3366510717671162,0.34493777329297,0.3467113108889093,0.3472922973427514,0.3473228755771642,0.3473228755771642,0.3473228755771642
zookeeper-3.5.3,0.0243373600601796,0.0492057170671268,0.074088823989262,0.0990161806569612,0.1239287874094724,0.1487971444164196,0.1738277504904346,0.1987256073277578,0.2237857132321489,0.2485950705783441,0.2729914302992758,0.2977270380695311,0.3220496482145227,0.3398822956767998,0.3483487469947048,0.3501777364780152,0.3507382332551588,0.3507677330855347,0.3507677330855347,0.3507677330855347
