,Glance-LR-5,Glance-LR-10,Glance-LR-15,Glance-LR-20,Glance-LR-25,Glance-LR-30,Glance-LR-35,Glance-LR-40,Glance-LR-45,Glance-LR-50,Glance-LR-55,Glance-LR-60,Glance-LR-65,Glance-LR-70,Glance-LR-75,Glance-LR-80,Glance-LR-85,Glance-LR-90,Glance-LR-95,Glance-LR-100
ambari-2.1.0,0.0336553062699196,0.0693527610895648,0.104879164150344,0.1408349420343988,0.1766231590118095,0.2123694857625592,0.2484648977354841,0.2848779772605886,0.3210536788346139,0.3581509653951819,0.39295825289828,0.4264809067837731,0.4532697067335048,0.4697849285946178,0.475447090898301,0.4765187825303791,0.4765397276437096,0.4765397276437096,0.4765397276437096,0.4765397276437096
ambari-2.2.0,0.0203646515541193,0.0415642856915217,0.062677872005456,0.0839858626612998,0.1053448446199395,0.1265731613651646,0.147973573757326,0.1694440991908317,0.1910261680992035,0.2128568196087054,0.2338206189706768,0.2546601270320831,0.2725644482262994,0.284933026110734,0.2894170738003499,0.2899014911769111,0.2899301737847338,0.2899301737847338,0.2899301737847338,0.2899301737847338
ambari-2.4.0,0.0123083808884413,0.0249944052814143,0.0375149192495617,0.050231248368207,0.0631014322479579,0.0761231397560702,0.0892753906978479,0.1026048077281712,0.1158666219089179,0.129265972921562,0.1425417738987729,0.1557266606989668,0.1673520196934094,0.1756228786692029,0.1783363171832457,0.1785997351833202,0.1786556823691768,0.1786836559621051,0.1786836559621051,0.1786836559621051
ambari-2.5.0,0.0208241470253001,0.0425967370233866,0.0642694909190745,0.0860732796991605,0.1078916279108463,0.1296579781525329,0.1516156809238167,0.1738312936262968,0.1957910763163806,0.2183519555396557,0.2399935106533441,0.2610672479346406,0.2787132790335865,0.2901320332454221,0.2935930181285722,0.2941379568541644,0.2942440327129629,0.2942669118197625,0.2942669118197625,0.2942669118197625
ambari-2.6.0,0.0141996584189854,0.0288453040831468,0.0434909497473081,0.0582126393196331,0.0729425498550027,0.0875162620925228,0.1021701287197288,0.1168589344398749,0.1315518506415434,0.1464544014008521,0.1608472524513884,0.1749050992578525,0.1867453412830046,0.1942572462651137,0.1960226980789664,0.1962200011920396,0.1962220564328008,0.1962220564328008,0.1962220564328008,0.1962220564328008
ambari-2.7.0,0.0078769723548765,0.0160132603653653,0.0240893871437521,0.0322360477804654,0.0403432924375256,0.0484422389936063,0.0565619308021359,0.0647148150145839,0.0727992398939502,0.0810226579647247,0.0890738904401727,0.0968388384318248,0.1031723640044975,0.1075122708168235,0.1083275592380683,0.1084520307527622,0.1084831486314357,0.1084831486314357,0.1084831486314357,0.1084831486314357
amq-5.1.0,0.0186509020225224,0.0388332878172072,0.0589996090967994,0.0791391561845705,0.0993804452012616,0.1197395406619651,0.1403503135257862,0.1611163767021692,0.1821876656653119,0.203719470727776,0.2235752113822444,0.2420868876072975,0.2562557899189813,0.2629064991673226,0.2640845636074475,0.2641541765061821,0.2641541765061821,0.2641541765061821,0.2641541765061821,0.2641541765061821
amq-5.2.0,0.0187394373198131,0.0387016602047917,0.0587334725121781,0.0787801968386519,0.0990058653941743,0.1191967392384928,0.1395764986579182,0.1601948503827418,0.1809474102793518,0.2021175067104086,0.2218461079630181,0.2403568943234914,0.2548165821652252,0.2624763893031116,0.2641365940948404,0.2642012128442191,0.2642012128442191,0.2642012128442191,0.2642012128442191,0.2642012128442191
amq-5.4.0,0.0156616858177973,0.0322096621211885,0.0487032170789731,0.0652200954705891,0.0817952824467837,0.0984365524855006,0.1150933714801051,0.1319056800335857,0.148811282322392,0.1660822850745572,0.1823931398006623,0.1974911759675337,0.2096076998429555,0.2155590627089391,0.2167291216394819,0.2167952047020042,0.2168301898527513,0.2168301898527513,0.2168301898527513,0.2168301898527513
amq-5.5.0,0.0142961309852619,0.029317748267303,0.0443430482209013,0.0594088575616295,0.0745114936179301,0.0895773029586583,0.1046615256571727,0.1199556606344506,0.1352903049988583,0.1509527071318617,0.1656392013021926,0.1795155077299276,0.1909023281849585,0.1963600474328096,0.1974096088266272,0.1974758969146577,0.1974758969146577,0.1974758969146577,0.1974758969146577,0.1974758969146577
amq-5.6.0,0.0126363215431549,0.0257882102594583,0.0389236796390373,0.0521346779675488,0.0652734312144726,0.0784187521960862,0.0914852603614224,0.1047783553735563,0.1179762182326882,0.1314039518059628,0.1443949310223664,0.1568966140043806,0.1669583835491381,0.1713423464545726,0.1719991199235515,0.1720582295357596,0.1720582295357596,0.1720582295357596,0.1720582295357596,0.1720582295357596
amq-5.7.0,0.0097880031358347,0.0198482597100992,0.0298855551510022,0.0400114149634426,0.0501175938044301,0.0601450487596067,0.0701856243624185,0.0803049238510413,0.090440624149208,0.1006681689808209,0.1106431413454568,0.1202212141191289,0.1282182488527633,0.1319707540764212,0.1325611832200037,0.1326333467819971,0.1326333467819971,0.1326333467819971,0.1326333467819971,0.1326333467819971
amq-5.8.0,0.0038299414570755,0.0078786434236346,0.0119469358835802,0.0159662521100593,0.0200671953923159,0.0240473306320219,0.0280829722696566,0.032245952114304,0.0363436303143294,0.0405915022969853,0.0447250964015528,0.0487574729569564,0.0522119299574559,0.0540730268291806,0.0544060652167524,0.0544093302989835,0.0544093302989835,0.0544093302989835,0.0544093302989835,0.0544093302989835
amq-5.9.0,0.0156914782261415,0.0323040900263135,0.0489424678005842,0.0656291567762901,0.0825090905577367,0.0991667928125815,0.1161336867566113,0.1335096155394589,0.1508404538676337,0.1686640664504472,0.185808101466406,0.2024368170003897,0.216124990740353,0.2226598859211497,0.2237420568332973,0.2237968095282572,0.2237968095282572,0.2237968095282572,0.2237968095282572,0.2237968095282572
amq-5.10.0,0.0148828660416594,0.0306125969581868,0.0463799663135972,0.0622382952296415,0.0782001298526141,0.0940459126223641,0.1101708471471631,0.1266658929876452,0.1431264369258177,0.1599163172042167,0.1761541670456648,0.1921442304977997,0.205502739764697,0.2122745222270664,0.2134475869055871,0.2134977714907644,0.2134977714907644,0.2134977714907644,0.2134977714907644,0.2134977714907644
amq-5.11.0,0.0145631067961165,0.0297208737864077,0.0450424757281553,0.0603489077669902,0.0758252427184466,0.0911377427184466,0.1067384708737864,0.1226668689320388,0.1385618932038834,0.1547754854368932,0.1705157766990291,0.1858707524271844,0.1987985436893204,0.2055521844660194,0.206881067961165,0.2069417475728155,0.2069417475728155,0.2069417475728155,0.2069417475728155,0.2069417475728155
amq-5.12.0,0.0131239422569605,0.0267610790925105,0.0405193067836827,0.0543121318621755,0.0681626192528694,0.0819352625220918,0.0960711783581809,0.1102416915815907,0.1245159969669623,0.1390123022543081,0.1532260622118686,0.1670794327181725,0.1789405703379299,0.1851594507088139,0.1862089047908732,0.1863328787621054,0.1863559436869859,0.1863559436869859,0.1863559436869859,0.1863559436869859
amq-5.14.0,0.0121026649215512,0.0247131149766744,0.0373480038884936,0.0500480630848354,0.0628160079942215,0.0755187826190851,0.0884632303823866,0.1013778084319486,0.1143385487663808,0.127551823953338,0.1404718328599436,0.1533022326253306,0.1644572129927824,0.1704040014554697,0.1712702231539159,0.1713163854387861,0.1713381088669603,0.1713381088669603,0.1713381088669603,0.1713381088669603
amq-5.15.0,0.0098082134387564,0.0199387120945584,0.0300477250692241,0.0401916522757364,0.0503409509025328,0.0604929352394713,0.0706664052575461,0.0809097037393142,0.0911798593225027,0.1015950432533618,0.1118302846047037,0.1220118117532047,0.1310357978304833,0.135966761651282,0.1365898464042369,0.1366381891867938,0.1366596748679302,0.1366596748679302,0.1366596748679302,0.1366596748679302
bookkeeper-4.2.0,0.0466571944241772,0.0949912317755334,0.1433636701099548,0.1919409136873903,0.2405821589032679,0.2888521946161821,0.3372246329506035,0.3862754886525095,0.4348143312468799,0.4841723948133072,0.5319432177463743,0.5800212485439628,0.6244767866057371,0.6618793441112093,0.6825902743110224,0.6846127260857878,0.6847535296903601,0.6847535296903601,0.6847535296903601,0.6847535296903601
bookkeeper-4.4.0,0.0246583133981297,0.0499021362731485,0.0755307225186944,0.1005403416029576,0.1253826722652525,0.1505428509292871,0.1761881660170299,0.20190039647356,0.2276126269300901,0.2534921458085886,0.2790538166853472,0.3040132492430198,0.3282031550596383,0.3494320558074175,0.3574786289040935,0.3579470364856048,0.3579470364856048,0.3579470364856048,0.3579470364856048,0.3579470364856048
calcite-1.8.0,0.0282703567778799,0.0570291862430665,0.0854923611869886,0.1141130042998451,0.1432156928278069,0.1728100676791762,0.2033299697275479,0.2346468535288938,0.2661661964045839,0.2985435801191616,0.3295712366714443,0.3608238477507761,0.3894766272246396,0.4119881481100606,0.4248041288796622,0.4288500967304466,0.4296856421166293,0.4300905602653178,0.4304344193280929,0.4306304511302358
calcite-1.11.0,0.0298958744979827,0.0605698566015078,0.0907720726764757,0.1212101717657222,0.1521506710412243,0.1834802241194977,0.2154530945094399,0.2483633701249567,0.2815309726651411,0.315204038807351,0.3479305094766767,0.3806569801460024,0.4108377523105813,0.4345240830430747,0.4481562832189147,0.4525982360851997,0.4536122267050206,0.4540043439235616,0.4543351928267056,0.4545220611886665
calcite-1.13.0,0.0364084873479928,0.0736610842375069,0.1103663589585461,0.1471602844533523,0.1844437163946115,0.2220393532347896,0.2606949449787045,0.3003295496155254,0.3401761452330937,0.3809285204956734,0.4201160168821908,0.4593574746092621,0.4961321281967276,0.525386883539864,0.5429011929310644,0.5482279481200254,0.5489564262175027,0.5490836208059512,0.5491491452909094,0.5491491452909094
calcite-1.15.0,0.0357574503761936,0.0727271407468704,0.1090870816592444,0.1454905761043542,0.182093690907837,0.2193428497802361,0.2572525705657967,0.2962946832024912,0.3353767199108604,0.3750975417660231,0.4135625700939667,0.4519332324343158,0.4883585036457936,0.5172562726160792,0.5345252483458731,0.5401255067635007,0.5409130998138086,0.5410691666394457,0.5411381263996109,0.5411381263996109
calcite-1.16.0,0.0338900863975988,0.0688172271361372,0.1031603611639076,0.1375778233185031,0.1721439417267485,0.2074321047955799,0.2434352336557758,0.2802878268225434,0.3171404199893109,0.3547115183820536,0.3910862878763746,0.4276592657088957,0.462313869982409,0.4898825261652703,0.5064435407088071,0.5119225854861944,0.5126127752352839,0.5127543526197125,0.5128216018773161,0.5128216018773161
calcite-1.17.0,0.033540911783751,0.0682770070126613,0.1026755576374633,0.1371981042392847,0.1715828775333067,0.2063671934199468,0.2414993869087802,0.2771344529710813,0.3129761789950815,0.3493001115963793,0.3845735227257071,0.4198124905280851,0.453370623975311,0.4802639736577435,0.4969758758938043,0.502731355827122,0.5034684430238485,0.5036234379951229,0.5036923246490225,0.5036923246490225
calcite-1.18.0,0.0284527766168461,0.0577812274032943,0.0868343715379359,0.1157846902966014,0.1447250582124306,0.17393078193723,0.2034350309471212,0.2335562322128684,0.2637039690595126,0.2942099362482669,0.323866764848316,0.353599883243444,0.3819232989034171,0.4058119556059731,0.4210367451456471,0.42633722742983,0.4271133931710683,0.4272692897088383,0.4273588472943658,0.427362164241978
cassandra-0.8.6,0.0222618195399794,0.0457297145880668,0.0693687945469824,0.0930623424320707,0.1166158299355722,0.14009150611597,0.1638550841918516,0.1881633415294593,0.212137010177721,0.2365931090292259,0.2596252606679324,0.2781054499050702,0.2859254878769958,0.2887889445672134,0.2894347785489744,0.2894347785489744,0.2894347785489744,0.2894347785489744,0.2894347785489744,0.2894347785489744
cassandra-1.0.9,0.0326539756775489,0.0662811294466887,0.1001813331839726,0.1340115241089119,0.167659681721755,0.2011188047412676,0.2347179533854695,0.2686181571227534,0.3024483480476927,0.3366776120029965,0.3694576107427659,0.3975047433680364,0.4152949989848142,0.4193907485069768,0.4198388305059826,0.4198388305059826,0.4198388305059826,0.4198388305059826,0.4198388305059826,0.4198388305059826
cassandra-1.1.6,0.0177775103060211,0.0363614479583546,0.0551018565883308,0.0738362471037823,0.0924803659013631,0.1109619956067764,0.1296181506334065,0.1484127222941052,0.1671892396112298,0.1860560286462251,0.2038034483796226,0.217350224174766,0.2226882917581921,0.2246682514368248,0.2249511028194866,0.2249511028194866,0.2249511028194866,0.2249511028194866,0.2249511028194866,0.2249511028194866
cassandra-1.1.11,0.0279197263559617,0.0565779135232851,0.0853956082258626,0.1142664721068582,0.1429364746471634,0.1714942311441416,0.2001996798033922,0.228946482268079,0.2577169154787294,0.2865936870462158,0.3142830136290327,0.3378369596682243,0.3540062975937993,0.3550046966107603,0.3550578657891783,0.3550578657891783,0.3550578657891783,0.3550578657891783,0.3550578657891783,0.3550578657891783
cassandra-1.2.11,0.0139971768807374,0.0283875062762299,0.0428441505537292,0.0572723741675113,0.0717195448904383,0.0860719800676411,0.1004670462404198,0.114942637627064,0.1293045463588393,0.1439032939549248,0.1576541584167795,0.1681224362192938,0.172759741182489,0.1737923586308818,0.1737923586308818,0.1737923586308818,0.1737923586308818,0.1737923586308818,0.1737923586308818,0.1737923586308818
flink-1.6.0,0.0029735247629083,0.0060129083245521,0.0090457060063224,0.0120834430979978,0.0151145943097997,0.01814739199157,0.0211851290832455,0.0242409773445732,0.0272754214963119,0.0303625526870389,0.0333821786090621,0.0364232086406743,0.0391514093782929,0.0404965753424657,0.0407797681770284,0.0408143440463645,0.0408143440463645,0.0408143440463645,0.0408143440463645,0.0408143440463645
groovy-1.5.5,0.0282105727601136,0.0573035876789013,0.0864425631267867,0.1158756859608967,0.144977892985504,0.1742547500206822,0.2034856465267628,0.2328544246201362,0.262177242184412,0.291785015029093,0.3204184246569047,0.3479487815863736,0.3693480039342213,0.3790640597854562,0.38168380994402,0.3818676520604105,0.3818676520604105,0.3818676520604105,0.3818676520604105,0.3818676520604105
groovy-1.6.0,0.0122986511841965,0.0250150458455765,0.0377243601090381,0.050440754770418,0.0631500690338797,0.0759231068786065,0.0886819839274967,0.1014479413743052,0.1141926576273586,0.1270435798491875,0.139731652918894,0.15190285694056,0.1613339469678195,0.1677133854922646,0.1695896909406308,0.1699791128261408,0.1702906503345488,0.17058802704712,0.1708854037596913,0.1711261372889156
groovy-1.7.3,0.0139337407526535,0.0282084271469926,0.0424509488581537,0.0567256352524927,0.0710646510131875,0.085255709231264,0.0996011579285944,0.1139466066259247,0.1281826954004503,0.1425345770344162,0.1568156963653908,0.1709038275972981,0.1830749437118044,0.19114827918945,0.194274686394339,0.1943454486973303,0.1943454486973303,0.1943454486973303,0.1943454486973303,0.1943454486973303
groovy-1.7.6,0.0159819225015622,0.0321216443959123,0.0483623579016467,0.064552575601689,0.0807932891074235,0.0970150666860233,0.113331523900296,0.1297237248231068,0.1461096137702062,0.1626469901343819,0.1788940156158279,0.1952230967815235,0.2105548857847995,0.2207992223645923,0.2235133719205448,0.2235954276047946,0.2235954276047946,0.2235954276047946,0.2235954276047946,0.2235954276047946
groovy-1.8.1,0.0118887406295993,0.0238805628253511,0.0360155538629816,0.0482078124373636,0.060417251272771,0.0725407888030512,0.0847445008847834,0.0969997537495919,0.1091691053092733,0.1214129046667315,0.1336166167484637,0.145900503381648,0.1573998247613375,0.1658926004615763,0.1683207440198375,0.1686128084572698,0.1686128084572698,0.1686128084572698,0.1686128084572698,0.1686128084572698
groovy-1.8.7,0.0177499604039344,0.0362536114342514,0.054784570095959,0.073375605546726,0.091961179471215,0.1104320613438631,0.1288647125325643,0.1473956711942719,0.1659593990136483,0.1847142802527594,0.2031960851779638,0.221464890578321,0.2382700069361383,0.2496245200683783,0.25304343551849,0.253250973517059,0.253250973517059,0.253250973517059,0.253250973517059,0.253250973517059
groovy-2.1.0,0.0074342290255585,0.0152532423006151,0.0230870549698832,0.0309110013763436,0.0388138778852652,0.0466871556057638,0.0543137767560714,0.0621771882137624,0.0701195297739145,0.0780914701224896,0.0860140791570265,0.0936505665701417,0.1008628046825283,0.1065359057969227,0.1084746264386244,0.1085091583584512,0.1085091583584512,0.1085091583584512,0.1085091583584512,0.1085091583584512
groovy-2.1.6,0.011761325450242,0.0240242726484654,0.0363261807591533,0.0487352313791189,0.0609348670945873,0.0730955418975912,0.0854120603504534,0.097694488004909,0.1100110064577712,0.1223567455949818,0.1344492388011727,0.1465319917792474,0.1576650725159983,0.1664848490751653,0.1713549631332366,0.1720221687591923,0.1720221687591923,0.1720221687591923,0.1720221687591923,0.1720221687591923
groovy-2.4.4,0.0064074529446227,0.0129799400925841,0.0195111686897109,0.0260960334029227,0.0326396395652999,0.0392533852640959,0.0458465016874747,0.052427240545603,0.0589790984181471,0.0656547319431952,0.0722519742216574,0.0786718047315306,0.0848028253855611,0.0901870662694843,0.0936404069743454,0.0942881662224496,0.0943005437877,0.0943005437877,0.0943005437877,0.0943005437877
groovy-2.4.6,0.0184328581806838,0.0372556343144216,0.056135872041241,0.0750899889591653,0.0939825398845022,0.1128586732118157,0.1318579385243042,0.1507956378442052,0.1697497547621295,0.1888228992657229,0.2077441809876006,0.2269035178808164,0.2444375125697235,0.2572145082313732,0.2631371567182863,0.2640729598056156,0.2641427345972147,0.2641919873912847,0.264208404989308,0.264208404989308
groovy-2.4.8,0.0167375458129606,0.0337730289203242,0.0507799426980874,0.067819507138251,0.0848753969096148,0.1018700666889779,0.1189177937947416,0.1359696022333053,0.1530132480062689,0.170216065758434,0.1871821662081969,0.2043482519651617,0.2199715939237117,0.2314278950934217,0.2370682970230758,0.237819262258283,0.2378804822502836,0.2379253769110841,0.2379417022422842,0.2379417022422842
groovy-2.5.0,0.0093716520151937,0.0189020233100905,0.0284828961939838,0.0381106634105165,0.0477312161143355,0.0573156962545857,0.0668857473694083,0.0765712306876512,0.0862026051605409,0.0959530190932079,0.1056385024114508,0.115381701831404,0.1241942291112802,0.1317153586153907,0.1364769370064822,0.1380677370598696,0.1391174486597239,0.1401671602595781,0.1407298922512526,0.1407298922512526
groovy-2.5.5,0.0126802478542777,0.0256084937533246,0.0385151746050002,0.0515728107882743,0.0646052877496154,0.0775299394741003,0.0906055465301838,0.103745848728381,0.1169760052906249,0.1303607113590293,0.143569302873902,0.1569288497203732,0.1699936742527711,0.1798453067268571,0.1848304268441709,0.1859446209583507,0.1859769685294075,0.1859769685294075,0.1859769685294075,0.1859769685294075
hbase-0.94.5,0.0332993041451879,0.0673705778589027,0.1004931226169046,0.1346329356848344,0.1687114240674138,0.2025193623675657,0.2363417300054471,0.2709324598774227,0.3053464303622124,0.3400381655982945,0.3744377067453546,0.4089454679253859,0.4386085789627471,0.4566885391377749,0.4645994235479577,0.4653244977688636,0.4653244977688636,0.4653244977688636,0.4653244977688636,0.4653244977688636
hbase-0.98.0,0.0176891293441538,0.035753275564067,0.053330733216328,0.0714032131445915,0.0893373535142414,0.1071714893836889,0.1251522985201,0.1435697939740621,0.1619456208862732,0.1803464489235348,0.1986439389772539,0.2170230993728051,0.232963816705085,0.2432359456175528,0.2482845061361094,0.2487695279620916,0.2487828618954519,0.248784528637122,0.248784528637122,0.248784528637122
hbase-0.98.5,0.0254104991156984,0.0513413663472589,0.0768069823350425,0.1027297441442376,0.1286168420950247,0.1543126520779871,0.1801900235219357,0.2064434865636413,0.2326353483953695,0.2589293385489024,0.285002861214095,0.3112368712421235,0.3349144310560879,0.3511366233783076,0.3566580370936549,0.3571929949697748,0.3572011003921403,0.3572011003921403,0.3572011003921403,0.3572011003921403
hbase-0.98.11,0.0232496142938781,0.0467826670486702,0.0703417654998705,0.0939100565498032,0.1175059253959329,0.14110485844164,0.164798781674248,0.1885938234929117,0.2123168566215054,0.23620688862707,0.2598977476601006,0.2836805326804545,0.3054118360837078,0.3202088558431988,0.3253796926301404,0.3258852855604191,0.325891413959574,0.325891413959574,0.325891413959574,0.325891413959574
hive-1.2.0,0.0081650602935334,0.0164357577051943,0.024691528132772,0.0329645220035227,0.0412340711856388,0.0494909898427614,0.0577260921385315,0.0660151612229104,0.0742858586345713,0.0826047816871166,0.090837587523797,0.0991266566081758,0.1071987103085752,0.1145772333638762,0.1194457266341028,0.120437796960866,0.1206215136880444,0.1206215136880444,0.1206215136880444,0.1206215136880444
hive-2.0.0,0.0058286238206956,0.0117362210639453,0.0176418921261571,0.0235629726366721,0.029466717517846,0.035369499308501,0.0412848012759023,0.0472049186958983,0.0531154052107049,0.0590759724324969,0.064956603141216,0.0708545694792762,0.0765233202738259,0.081645035653611,0.0851285340606592,0.0859230837387944,0.0861253327477743,0.0861253327477743,0.0861253327477743,0.0861253327477743
hive-2.1.0,0.0050944254238498,0.010363336048552,0.0155825229113533,0.0207926690901726,0.0260362657997253,0.0312834787828708,0.0365189388768396,0.0418131634166914,0.0470820740413936,0.0524205979327572,0.0577247672249891,0.0630641951847509,0.0682399867644386,0.072954703461045,0.0763286867231227,0.0771595255810673,0.0773819264070242,0.0773819264070242,0.0773819264070242,0.0773819264070242
ignite-1.4.0,0.0268975921187521,0.0550370475325259,0.08320150690526,0.1115759995332594,0.1398621448395996,0.1681866295496787,0.1967628207799568,0.2257690801043498,0.2547186637884331,0.2839816304248173,0.3122711095923521,0.3371033747009943,0.3466532200931814,0.348765221160017,0.3489269134279594,0.3489535843175169,0.3489552512481143,0.3489552512481143,0.3489552512481143,0.3489552512481143
ignite-1.6.0,0.0267710836993519,0.0546306620106554,0.082688817041707,0.1108322865153168,0.1388242493064524,0.1668927009081575,0.1953259452987329,0.2240210167716426,0.2525704653167372,0.2814317528587693,0.3093678199806424,0.3344458532768101,0.3446703479358318,0.3471577052180078,0.3474107066683533,0.3474445382576437,0.3474445382576437,0.3474445382576437,0.3474445382576437,0.3474445382576437
log4j2-2.1,0.0209562824041477,0.0429879024515137,0.0646866798950265,0.0864622671701977,0.1085578954106125,0.1306151187351981,0.1531588043269538,0.1757536964731485,0.1982205722332458,0.2211739102605133,0.2436791909364398,0.2654035716571721,0.2831978493247136,0.293746399539141,0.2969980157460155,0.2978941304486974,0.298162964859502,0.298162964859502,0.298162964859502,0.298162964859502
log4j2-2.2,0.021719468541802,0.0447892383536515,0.0672730283690653,0.089858727914294,0.1127628947401944,0.1355651520362797,0.1588260022165322,0.1827874804142622,0.2064050139488669,0.2305066177500923,0.2542005834320582,0.2771047502579585,0.2960981388772117,0.3075629609813887,0.3114610004968089,0.3127985630756296,0.3131934625036623,0.3132062011948892,0.3132062011948892,0.3132062011948892
log4j2-2.3,0.0215337260788939,0.0443667923957058,0.0665186512091433,0.0889228090979046,0.1114909613856265,0.1340464987195821,0.157068789342887,0.1806587528856706,0.2039333425842994,0.2278008351099393,0.251138499577399,0.2736940369113547,0.2925533927918154,0.3040582306265847,0.3079057915252741,0.3092303616707245,0.3096214252374765,0.3096340401912427,0.3096340401912427,0.3096340401912427
log4j2-2.4,0.0215451411615831,0.0444429899201466,0.0667517563380896,0.0895841515032508,0.1124165466684121,0.1350962167823013,0.1583104245756425,0.1817755378103591,0.2050661081293363,0.2291312126369071,0.2523999650914169,0.2753741763756163,0.2936139110703844,0.3049373827289784,0.3084718767727015,0.3097918575729808,0.3101409434044596,0.3101518523366933,0.3101518523366933,0.3101518523366933
log4j2-2.5,0.0224017338193281,0.045965914688208,0.0694217318490789,0.0933405575805339,0.1172002758348931,0.1412570190129051,0.1656092995763964,0.1901487538173579,0.2146685055659541,0.2398581420549699,0.2635799428627721,0.2868682888385381,0.3052211604768003,0.3168160772337701,0.3211900305388632,0.3225002462811546,0.3228548911437296,0.3228647423899123,0.3228647423899123,0.3228647423899123
log4j2-2.6,0.019383524004596,0.0397995037551414,0.0600656108974038,0.0807230520724051,0.1015719971357679,0.1223293533829578,0.1436445687832009,0.1650846780236798,0.1865247872641588,0.2083479042813608,0.2291302392965979,0.249404672694876,0.265907312118033,0.2765732460741703,0.2806447852658573,0.2820769013005612,0.2827596542938502,0.2831093570465104,0.2833258397029192,0.2833258397029192
log4j2-2.7,0.0151619625509484,0.0308678863657258,0.0463899359504765,0.0621648126015139,0.0781159020563268,0.0940286843798841,0.1105084122460237,0.1271873371946921,0.1438739235696117,0.1607290613220557,0.1769559621219086,0.1926465630841837,0.2054411449235389,0.2132557996996721,0.2157457632312831,0.2164659372988875,0.2170022371364653,0.2173163556127608,0.2175155526952897,0.2175155526952897
log4j2-2.8,0.0144531022004319,0.0295336485145625,0.044307768633631,0.0591475515087842,0.0743886067822331,0.0893451234459814,0.1045424035487071,0.1201847312204517,0.1356738457946652,0.1516080079378976,0.1669512052763672,0.1821776688262417,0.1943617580108562,0.2006361991478433,0.2020297087491974,0.2021391466760053,0.2021391466760053,0.2021391466760053,0.2021391466760053,0.2021391466760053
log4j2-2.9,0.0133479637757653,0.0272654036335351,0.0409119951108394,0.0546280348908272,0.0688093782987943,0.0828101561197844,0.0968109339407744,0.1112284015778654,0.1254861381187843,0.1402647369298294,0.1544321906772598,0.1685163064614701,0.1806975387521529,0.1880868381576754,0.1898508250458359,0.1899480526695927,0.1899480526695927,0.1899480526695927,0.1899480526695927,0.1899480526695927
log4j2-2.10,0.0138429232557033,0.0282159142649387,0.0423102799165483,0.056662883704494,0.0712805213692057,0.0857622442253195,0.1003051287453024,0.1152217789889297,0.1299821272026693,0.1453133176125204,0.16008046156669,0.1746913034909718,0.1869032490434995,0.1939980020523136,0.1956833456789284,0.195778486044947,0.195778486044947,0.195778486044947,0.195778486044947,0.195778486044947
mahout-0.4,0.0195558961149061,0.0398617473955361,0.0599556548249832,0.0804489948970442,0.1009423349691051,0.1214193716679981,0.1420105319790664,0.1630826417985881,0.1841547516181098,0.2055203221546538,0.2259321453608751,0.2465559124182793,0.2646363532614898,0.2783311867225329,0.2858796484992745,0.2883822162805484,0.2885778567585633,0.2885778567585633,0.2885778567585633,0.2885778567585633
mahout-0.5,0.01529974851951,0.0315405208079824,0.0475541494280846,0.0639166058246126,0.0800113571834185,0.096341364484465,0.1126145858684189,0.1293502068629837,0.1458343473675671,0.162862010221465,0.1789648738541413,0.1955382493712987,0.2106757524134014,0.2214488521132473,0.2274600470511884,0.2296179119007057,0.2299424028555204,0.2299505151293907,0.2299505151293907,0.2299505151293907
mahout-0.6,0.0097650375282423,0.0200267209479641,0.0302114592295693,0.0404241775613987,0.0506438909057841,0.0609685294385103,0.071223217845676,0.0817297267048594,0.0922502255891549,0.103008554900356,0.113165313131737,0.1235878818402479,0.133024153778356,0.1399981812967354,0.143614602788212,0.1447128197595114,0.1448177449478521,0.1448177449478521,0.1448177449478521,0.1448177449478521
mahout-0.7,0.0151753128011351,0.0312004431191337,0.0470965832783228,0.0630382493759152,0.0791013179759167,0.0949595198531029,0.1109694748583005,0.1271994718991145,0.1433535923759228,0.1600160858315692,0.1759729272419627,0.192286388503183,0.2073023605199062,0.2188887118435728,0.225027125871632,0.2270606177869841,0.2273034227918023,0.2273034227918023,0.2273034227918023,0.2273034227918023
mahout-0.8,0.0137082222401766,0.0280224071530527,0.0422827287172443,0.0566373111416336,0.0709986264846085,0.0851983517815302,0.099620263391775,0.1141431687808031,0.1285650803910479,0.1432899733376424,0.157476232797393,0.1714941692925049,0.1838962053270851,0.192622067813956,0.1966214214537718,0.1977323530203872,0.1978468126363416,0.1978468126363416,0.1978468126363416,0.1978468126363416
mng-3.1.0,0.0178903064868844,0.0363850152199474,0.0549126913482565,0.0733414652908273,0.0913636413586962,0.1099242848822514,0.1284629501423092,0.1470675501928592,0.1655952263211683,0.1832547610413301,0.1961669908460532,0.2019252958823723,0.2029912416619962,0.2030351981889911,0.2030351981889911,0.2030351981889911,0.2030351981889911,0.2030351981889911,0.2030351981889911,0.2030351981889911
mng-3.2.0,0.0139680729760547,0.0283418121217437,0.0427922989211472,0.0570344706604683,0.0711341110428909,0.0855955617928252,0.100100868344882,0.1146500306990614,0.1292320849048329,0.1431343741777037,0.1531883168143145,0.1566638891325322,0.1574861854223313,0.1575848609771072,0.1576287167792299,0.1576287167792299,0.1576287167792299,0.1576287167792299,0.1576287167792299,0.1576287167792299
mng-3.3.0,0.0136138613861386,0.0276266262989935,0.0418132722363145,0.0554066770313394,0.0692455609197283,0.08326855412814,0.0974347434743474,0.1116623025938957,0.1258591768267735,0.1401583340152197,0.1515731118566402,0.1556337451927011,0.1563906390639063,0.1565952049750429,0.1566463464528271,0.1566463464528271,0.1566463464528271,0.1566463464528271,0.1566463464528271,0.1566463464528271
mng-3.5.0,0.0131044106048656,0.0266638354668446,0.0402333717567594,0.053752350906995,0.0670488786426419,0.0805678577928775,0.0941475055107282,0.107787821796194,0.1214079152257881,0.134775222956986,0.1452304394426581,0.1485975449452971,0.1490930049141539,0.1491738963376408,0.1492042306214483,0.1492042306214483,0.1492042306214483,0.1492042306214483,0.1492042306214483,0.1492042306214483
mng-3.6.0,0.0101644483939572,0.0206184537657384,0.0312022605413717,0.0416462811897796,0.0519904546044551,0.0623845516359969,0.0729284195181372,0.0834623026769043,0.0940061705590446,0.1044302217607061,0.1132567172226493,0.116671492616297,0.1172805607420646,0.1173504538056773,0.117380407975797,0.117380407975797,0.117380407975797,0.117380407975797,0.117380407975797,0.117380407975797
nifi-1.2.0,0.0229964170303332,0.046903220767556,0.0708588388054164,0.0949975104706674,0.1190458756797391,0.1431723437698308,0.1674672211971219,0.1921013580138437,0.2165133897626648,0.2414013609427018,0.2653154868250202,0.2882728524148434,0.3098829433070712,0.326543264114655,0.3351296995967939,0.3379658104638335,0.3382196448271485,0.3382513741225629,0.3382513741225629,0.3382513741225629
nifi-1.5.0,0.0209027717546185,0.0426047306925049,0.0643294055451613,0.0862853697118383,0.1082330735458717,0.1302406647915711,0.152322599031063,0.1747225560773332,0.1969345905559616,0.2195679019994135,0.2414412628396545,0.2627322702285221,0.2825157669099334,0.297925417456561,0.3053452612536707,0.307850207127841,0.3081145377724361,0.3081475791030105,0.3081475791030105,0.3081475791030105
nifi-1.8.0,0.0168050310848141,0.0341582476756035,0.051502477618754,0.0690264405146832,0.0865324301153346,0.1040474063636249,0.1215839505662486,0.1393002277216511,0.1568906918101085,0.1747723232820675,0.1921560944748293,0.2096045695305914,0.2262909768665716,0.2394330503737546,0.2463060384880145,0.2488330838040839,0.2490271953930849,0.2490505606769462,0.2490505606769462,0.2490505606769462
nutch-1.3,0.021755589204596,0.0441346753362429,0.0667809744366259,0.0896722187583504,0.1128752115436002,0.1354324396544045,0.1586799679344437,0.1818829607196936,0.2050859535049434,0.2292019239333749,0.2522935779816513,0.2758305869778213,0.2980760666251002,0.3155117128351296,0.3235058341498174,0.3251091119622339,0.3251981829518126,0.3251981829518126,0.3251981829518126,0.3251981829518126
nutch-1.4,0.0193770536075977,0.0391592024125669,0.0590763829499932,0.0794886798397623,0.09996849259576,0.1200882207318719,0.140658054642841,0.1611378673988387,0.1816626907323221,0.2029301885943196,0.2235675383715173,0.2443174145924292,0.264617185038484,0.2802583607147679,0.2870099473376243,0.288450285817167,0.288450285817167,0.288450285817167,0.288450285817167,0.288450285817167
nutch-1.5,0.0193247347801206,0.038979618787692,0.059140731610688,0.0792798344851873,0.0995069771536734,0.1196680899766694,0.1402033719241097,0.1605625742835761,0.1810098164370295,0.2023374565303517,0.2228947484262886,0.2434740502707223,0.2636131531452216,0.2788000176079588,0.2847206937535766,0.2861733503543601,0.2861733503543601,0.2861733503543601,0.2861733503543601,0.2861733503543601
nutch-1.6,0.0195243243243243,0.0392432432432432,0.0593297297297297,0.079827027027027,0.1000864864864864,0.1202162162162162,0.1408648648648648,0.1613837837837838,0.182054054054054,0.2035891891891892,0.2243243243243243,0.2449297297297297,0.2650810810810811,0.2805621621621622,0.2862918918918919,0.2876756756756757,0.2876756756756757,0.2876756756756757,0.2876756756756757,0.2876756756756757
nutch-1.7,0.0190912969283276,0.0384598976109215,0.0582337883959044,0.0781996587030716,0.0979095563139931,0.1176834470989761,0.1376706484641638,0.1578498293515358,0.1780930034129692,0.199018771331058,0.2191126279863481,0.239377133105802,0.2589377133105802,0.2749360068259385,0.2809726962457338,0.2823805460750853,0.2823805460750853,0.2823805460750853,0.2823805460750853,0.2823805460750853
nutch-1.8,0.0186808838536351,0.0375283753670575,0.0566674302851073,0.0761397005227315,0.0951746256534144,0.1145427661036716,0.1339942103838224,0.1536955661536539,0.1733552700085386,0.193577274715205,0.212987067080409,0.2325842930628735,0.251598392236083,0.2678009871503842,0.2745694233292375,0.2760064143949018,0.2760064143949018,0.2760064143949018,0.2760064143949018,0.2760064143949018
nutch-1.9,0.0170405476566614,0.0344181147972617,0.0520695102685624,0.0698683517640863,0.087519747235387,0.1052764612954186,0.1229489204844655,0.1409373354397051,0.1588414955239599,0.1772933122696156,0.1949868351764086,0.2129963138493944,0.2304581358609794,0.245434439178515,0.2513744075829384,0.2527646129541864,0.2527646129541864,0.2527646129541864,0.2527646129541864,0.2527646129541864
nutch-1.10,0.0172820680390661,0.0350724321969284,0.0527720291907199,0.0709799223033075,0.0890425879533819,0.1070689467378281,0.1254583741785571,0.1442834840068257,0.1627818320444396,0.1816069418727081,0.1999237555821806,0.2184584104854228,0.2367570707620811,0.2527320916385288,0.2613549722252478,0.2630795483425915,0.263134008641034,0.263134008641034,0.263134008641034,0.263134008641034
nutch-1.12,0.0170222092343658,0.0346434833430742,0.0524108708357685,0.0704704850964348,0.0883109292811221,0.1061805961426066,0.1243571011104617,0.1428404441846873,0.1612215078901227,0.1798509643483343,0.1981151373465809,0.2165546464056107,0.2348626534190531,0.2510666277030976,0.2597749853886616,0.2616890707188778,0.2616890707188778,0.2616890707188778,0.2616890707188778,0.2616890707188778
nutch-1.13,0.0163243057149414,0.0332367454670644,0.049876635299518,0.0672481064952949,0.0842896488409456,0.1013598806518246,0.118616593986688,0.1364184071608905,0.1539333256828092,0.1720076887766812,0.1894365389029148,0.2071953178792747,0.2247676153316502,0.2402168923571264,0.2485511820059674,0.250315584117512,0.250315584117512,0.250315584117512,0.250315584117512,0.250315584117512
nutch-1.14,0.0168554887676241,0.0343203789368715,0.051619068723858,0.0694994598487576,0.0871028503365557,0.1048585911747597,0.1227805323952245,0.141021024348356,0.1589429655688208,0.177321957840503,0.1953546993158084,0.2136505913963602,0.2315863826486801,0.2476247195368549,0.2565025899559569,0.2586216448297831,0.2586216448297831,0.2586216448297831,0.2586216448297831,0.2586216448297831
nutch-1.15,0.015213377369776,0.0311029048448755,0.0468754063402075,0.0627519309286661,0.0786934699503289,0.0946480118586326,0.1107975970665487,0.1271422255740774,0.1433178165552752,0.1598704912490572,0.1759420591371284,0.1922736847580163,0.2083712584193691,0.2234806126960185,0.2313473591137232,0.2333368007697709,0.2333368007697709,0.2333368007697709,0.2333368007697709,0.2333368007697709
storm-0.9.3,0.0025698643061987,0.0051769730226321,0.0078213261493004,0.0105277532930266,0.0132341804367527,0.015878533563421,0.0185849607071472,0.0213038026542849,0.0240474742082459,0.0268283901724416,0.0294727432991098,0.0317943115370768,0.0337558504761077,0.0352704564923214,0.0355932413810227,0.0355932413810227,0.0355932413810227,0.0355932413810227,0.0355932413810227,0.0355932413810227
storm-1.0.0,0.0051940615925729,0.0106516888652588,0.0160729622510326,0.0215215010519906,0.0269291417301723,0.0323958574745863,0.0378671174548643,0.0434792487469269,0.0490004953217091,0.0546489805006839,0.06015205013201,0.0654733503287754,0.0700721170231619,0.0742391813104667,0.0757796772683689,0.0759887121181137,0.0759932563539778,0.0759932563539778,0.0759932563539778,0.0759932563539778
storm-1.0.3,0.0050450942647265,0.01028652891539,0.0154895491427181,0.0207779347552361,0.0260791251755325,0.031294950210639,0.0365961406309355,0.0419272089360485,0.0472070580100475,0.0526021503540529,0.0578009023121214,0.0630978244631584,0.06818560142048,0.0722361889477435,0.0736788639574538,0.0738965456896882,0.0739221553052452,0.0739221553052452,0.0739221553052452,0.0739221553052452
storm-1.0.5,0.0021711144062575,0.0044484477169308,0.0067342785399574,0.0090031143382774,0.0112677013804208,0.0135450346910941,0.0158521092950038,0.0181719301674434,0.0204620097466466,0.0227818306190862,0.0250719101982894,0.0274172236077888,0.0296818106499322,0.0314407957070567,0.0320781091335511,0.0321375917200239,0.0321375917200239,0.0321375917200239,0.0321375917200239,0.0321375917200239
tika-0.8,0.0253745851908959,0.0518888479200884,0.0776656722421479,0.1033754567090135,0.1290182013206851,0.1549626252807294,0.1815104079375188,0.2086950692186505,0.2360808500653638,0.2648409479435524,0.2925284081386384,0.3204169878993061,0.3447524553346964,0.3610096202192203,0.3671437669694633,0.3682164046525659,0.3685516039285355,0.3686521637113263,0.3686521637113263,0.3686521637113263
tika-0.9,0.0230581039755351,0.0469724770642201,0.0694189602446483,0.0923241590214067,0.1150152905198776,0.1384097859327217,0.1626605504587156,0.1874006116207951,0.2124159021406728,0.2390214067278287,0.2645565749235474,0.2899694189602446,0.3122018348623853,0.3264831804281345,0.3318348623853211,0.3326911314984709,0.3329663608562691,0.3330581039755351,0.3330581039755351,0.3330581039755351
tika-0.10,0.0275528540053685,0.0559487099851365,0.0836568538278944,0.1122301839075359,0.1403154602125252,0.1684007365175144,0.1969518823346717,0.2259245291390287,0.2549415444683541,0.2852008784967944,0.314705947600772,0.3439226212924551,0.3700334982363511,0.3864054839496861,0.3931273154823967,0.3940590545067329,0.3942587128690906,0.3943252656565432,0.3943252656565432,0.3943252656565432
tika-1.1,0.0262884603636807,0.0531878067156732,0.0795780814107393,0.1063348876987924,0.1331527825856767,0.1601743061353316,0.1872365554175405,0.2149911421531694,0.2427253660225213,0.2713759188743407,0.2994563114704026,0.3275367040664644,0.351972143598933,0.3681402594229164,0.3756134313465963,0.3767944775906656,0.3768555661894968,0.3768555661894968,0.3768555661894968,0.3768555661894968
tika-1.3,0.0215690420807781,0.0433319235920208,0.0650595615704518,0.0866462254176358,0.1085677028265313,0.130718263198703,0.1527983365052513,0.1753894410375696,0.1981567632339465,0.2218051737506167,0.2451011489391696,0.268467611193346,0.2883449636991612,0.3009092831465426,0.3072178755198421,0.3085923732994995,0.3086981038979347,0.3086981038979347,0.3086981038979347,0.3086981038979347
tika-1.5,0.023619811241961,0.0477741585233441,0.0720287313121189,0.0959325148250229,0.1202706088699574,0.1446755199198195,0.168746345945043,0.1935354547732398,0.2184916061137559,0.2441493360060135,0.2690386703416019,0.294562766224004,0.3170299841309613,0.331529274200284,0.3387455107324814,0.3403491188507475,0.3404326401069072,0.3404326401069072,0.3404326401069072,0.3404326401069072
tika-1.7,0.0230052117742053,0.0467297951992953,0.0701460764882918,0.094046832562578,0.117624605446671,0.1416134478455553,0.1654701607575424,0.1897085810761212,0.2138735961242017,0.2385230859575717,0.2628936357630478,0.2874697203259194,0.3095647067459444,0.3256698230932981,0.3338912133891213,0.3359612420171768,0.3360346472876752,0.3360346472876752,0.3360346472876752,0.3360346472876752
tika-1.10,0.0227944771705976,0.0460662646394561,0.0693264103937227,0.0927146150084984,0.116486996204801,0.1401778853989615,0.1637756408763882,0.1868145940534122,0.2105520501059396,0.2345921907378518,0.2580269622109944,0.2819856108407646,0.3033714405457636,0.3197513329763207,0.3277491909008359,0.3296817155230622,0.3297282823814291,0.3297282823814291,0.3297282823814291,0.3297282823814291
tika-1.13,0.0165952195375422,0.0335801506884905,0.0504351779683034,0.0673659825062786,0.084740625270633,0.1020394907768251,0.1194357841863687,0.1360634796916948,0.1535355503594007,0.171050922317485,0.1881332813717848,0.2061466181692214,0.2229799948038451,0.2365657746600848,0.2435914090239889,0.2451502554776132,0.245182731445397,0.245182731445397,0.245182731445397,0.245182731445397
tika-1.15,0.0163900575587848,0.0330726410792487,0.049703602371181,0.0665066377582186,0.083137599050151,0.0998632010943912,0.1167178587099605,0.1334606681637113,0.1503755517125674,0.1677206204991869,0.184730144800351,0.2017482728062704,0.2177339562415576,0.2306050985554379,0.2370148585981123,0.2383484328351788,0.2383656402446893,0.2383656402446893,0.2383656402446893,0.2383656402446893
tika-1.17,0.0109229104271008,0.0221226688143356,0.0331462512269398,0.0441614443074186,0.055377981358904,0.0664854570927608,0.0777103834763714,0.0886584618998481,0.1000427855938388,0.1116703999194624,0.1230547236134531,0.1341873673436857,0.1446656431681474,0.1530633646255421,0.1571321907062978,0.1579543452545742,0.1579543452545742,0.1579543452545742,0.1579543452545742,0.1579543452545742
ww-2.0.5,0.0138340790728379,0.0283723318418543,0.0427932223281742,0.0576542213746057,0.0723538472823296,0.0873028680407834,0.102530624220641,0.1181544781045991,0.1333822342844568,0.1491087801657742,0.1644979094843394,0.1781706154184699,0.1880437174503044,0.1928995818968679,0.1945279835692804,0.1947627081346732,0.1947627081346732,0.1947627081346732,0.1947627081346732,0.1947627081346732
ww-2.0.10,0.0154705508025171,0.0315916000848476,0.0473308350420702,0.0633811779678993,0.0794739447076292,0.0961606448419712,0.1131443116736194,0.1305804991868769,0.1478752739871314,0.165806405995899,0.1831577458813547,0.1994484904192887,0.2120200806052464,0.2181149685356713,0.2194725305804991,0.2195715194796012,0.2195715194796012,0.2195715194796012,0.2195715194796012,0.2195715194796012
ww-2.1.1,0.01896865520728,0.039231547017189,0.0595214020896528,0.0802022244691607,0.1008291203235591,0.1216582406471183,0.1427300303336703,0.1641927873272666,0.1856016177957533,0.2075901584091675,0.2287158746208291,0.2493562521065049,0.2653454668014829,0.2734748904617459,0.2755780249410178,0.2758881024603977,0.2758881024603977,0.2758881024603977,0.2758881024603977,0.2758881024603977
ww-2.1.3,0.0162864484684706,0.03364659613227,0.0508619753652386,0.0685840441061152,0.0862457926674789,0.1038713491211349,0.1216537380415244,0.1399066243621141,0.1579061659287498,0.1765571654341243,0.1945446429648574,0.2115308055156772,0.2243790037519151,0.2310262875342317,0.2326428683451762,0.2329203411709353,0.2329324052068379,0.2329324052068379,0.2329324052068379,0.2329324052068379
ww-2.1.7,0.0139755657460722,0.0288820696709535,0.0437081221482835,0.05899389718305,0.0739923456194186,0.0892321483984415,0.1044029927938489,0.1200565458745647,0.1354802376765622,0.1514096242917399,0.1670057120527761,0.1819237090415934,0.1935087174889954,0.1992437563930168,0.2006229240653265,0.2008872645358526,0.2008987575997885,0.2008987575997885,0.2008987575997885,0.2008987575997885
ww-2.2.0,0.0195492453815489,0.0397706414903132,0.060028230330543,0.0804150789260065,0.1008484610333541,0.1212715023602831,0.1416635213459559,0.1624278084267019,0.1828560201438402,0.203780589321076,0.2241829490871676,0.2438769653945783,0.2600551163596317,0.2695376120035779,0.2729707511025857,0.2736532426102198,0.2739324436815246,0.2739324436815246,0.2739324436815246,0.2739324436815246
ww-2.2.2,0.0102449478545964,0.021016720286838,0.0317526891070067,0.0426318723754673,0.0535468592560009,0.064523223757231,0.0754177514308657,0.0865475599838372,0.0976057613126627,0.1089913099518697,0.1199676744530998,0.1305860028336001,0.1388822112310816,0.1420124698866048,0.1423705060073346,0.1424830316452782,0.1425137204556265,0.1425137204556265,0.1425137204556265,0.1425137204556265
ww-2.3.1,0.0100904273173907,0.0206538434152841,0.0312477749183712,0.0419027372318458,0.0526492457609016,0.0633245516778387,0.0741117474138194,0.0850718637792312,0.0959150044247337,0.1071294158334265,0.1179572987763322,0.1284851135681663,0.1367853037808587,0.1398927892097527,0.1403505202876585,0.1404827537101647,0.1405132691153584,0.1405132691153584,0.1405132691153584,0.1405132691153584
ww-2.3.4,0.0103817748900278,0.0212528754187013,0.0321088421647362,0.043035433229751,0.0540175148311069,0.0649995964324629,0.0761985955849711,0.0874934420275233,0.0986571290205415,0.1101184470721175,0.1211963759635175,0.132128011622745,0.1409964082489204,0.1446133822995278,0.1453246700835384,0.1455062754752007,0.145561766011542,0.1455768997941805,0.1455768997941805,0.1455768997941805
ww-2.3.10,0.0092997811816192,0.0190211390600847,0.0287525344789512,0.0385491739104249,0.0483608696525003,0.05830305341979,0.0682402184168791,0.0783379840603858,0.0883654869210848,0.0985937405898058,0.1084957741954911,0.1182673197759621,0.1263475397988477,0.1295946841186036,0.1300815048280569,0.1302571617850761,0.1303976873506916,0.1304177624314937,0.1304177624314937,0.1304177624314937
ww-2.3.15,0.0087067149047827,0.0178109967001948,0.0268755218065439,0.0360344690494175,0.0452033554645569,0.054416968154892,0.0636603983620244,0.073042976980877,0.0823609509800023,0.0918876475967081,0.1011559257345048,0.1102005724963225,0.1178090088657416,0.1211137836440981,0.1216455293603148,0.1217846777720351,0.1218840694946924,0.1218840694946924,0.1218840694946924,0.1218840694946924
ww-2.3.17,0.007853248858111,0.0160502922253327,0.0242473355925543,0.0325229605618584,0.0407003585285595,0.0489121359461716,0.0572466971170374,0.0655959923382938,0.0738667059574677,0.0822847600805461,0.0905407396493296,0.0986199106134276,0.105309169490693,0.108177397966701,0.1086145081282844,0.1087372918815382,0.1088453415844015,0.1089190118363538,0.1089190118363538,0.1089190118363538
ww-2.3.20,0.0058419177068525,0.0119759312990477,0.01812454968551,0.0243510603080637,0.0304948104297704,0.0367018479933012,0.0429624364691449,0.0492765758573014,0.0555079547446108,0.0619097228983701,0.0681849161684809,0.0741972231417833,0.0789535178081124,0.0808229314743053,0.0811247638891593,0.0811831830662278,0.0811929195957393,0.0811929195957393,0.0811929195957393,0.0811929195957393
ww-2.3.24,0.0044205964896973,0.0090787030978105,0.0137610454322926,0.0184967063647864,0.0232178258614588,0.0279631810845002,0.0327279248886368,0.037570223017154,0.0423592025476595,0.0472742078552836,0.0520680345310629,0.0566243510884264,0.0600997542497346,0.0613503177303726,0.0615005792338602,0.0615151206696815,0.0615151206696815,0.0615151206696815,0.0615151206696815,0.0615151206696815
zookeeper-3.5.1,0.0207144532166028,0.0418197451731415,0.0629563042288751,0.0844524349253498,0.1058078636754475,0.1274603298678965,0.1491753302587352,0.1711404674431329,0.1929492691315563,0.2151801766591104,0.2371453138435081,0.2590010161807238,0.2805284139763933,0.296255764871414,0.3032908621902603,0.3041507074181193,0.3041507074181193,0.3041507074181193,0.3041507074181193,0.3041507074181193
zookeeper-3.5.2,0.022123352597621,0.0446289331254013,0.0670886463015625,0.0897929853530257,0.1130324435067119,0.1365471057701128,0.1598477203926245,0.1835458520625019,0.2071369599119346,0.2312326086291777,0.254884872947436,0.2785982937345198,0.3014402348408403,0.3175396752591505,0.3258875332538299,0.327492890560499,0.3275234687949118,0.3275234687949118,0.3275234687949118,0.3275234687949118
zookeeper-3.5.3,0.0230246176084487,0.0468457306370488,0.0707848429871528,0.0946649556765048,0.1186925675177367,0.1426906795285927,0.1667182913698246,0.1907606531262445,0.2149357641193563,0.2393468737554759,0.2631827366992639,0.2874463471835037,0.310972461908344,0.3280086139504697,0.3363423160316828,0.3375370591619098,0.3375370591619098,0.3375370591619098,0.3375370591619098,0.3375370591619098
